Name;Company;Industry;CO2_emissions_t;Source_CO2_emissions;Source;City;Province;Latitude;Longitude
Fábrica de aluminio de Aluar;Aluar;Aluminium;612057.60;Industrial point source;Aluminium;Puerto Madryn;Chubut;-42.63615141;-65.1028453
Bunge Campana;Bunge Argentina S.A;Ammonia;27027.00;Industrial point source;Ammonia;Campana;Buenos Aires;-34.09354048;-59.00465275
Profertil Bahia Blanca;Profertil S.A.;Ammonia;710621.00;Industrial point source;Ammonia;Bahia Blanca;Buenos Aires;-38.78424491;-62.28168815
Austin Powder;Austin Powder;Ammonia;54600.00;Industrial point source;Ammonia;El Galpón;Salta;-25.37919283;-64.65198658
Bioenergía la Corona;Bioenergia La Corona S.A.;Bioethanol;24300.00;Biogenic point source;Bioethanol;Concepción;Tucumán;-27.3548157;-65.60294134
Bioenergías Agropecuarias S.A.;BIOENERGÍASAGROPECUARIAS S.A.;Bioethanol;24750.00;Biogenic point source;Bioethanol;General Obligado;Santa Fe;-28.48761165;-59.39684115
Ingenio Santa Rosa;Bioenergía Santa Rosa S.A.;Bioethanol;24300.00;Biogenic point source;Bioethanol;Monteros;Tucumán;-27.22139848;-65.51695443
Ingenio Ledesma;Bio Ledesma S.A.;Bioethanol;74250.00;Biogenic point source;Bioethanol;Libertador General San Martin;Jujuy;-23.82436777;-64.78800974
Bio San Isidro;Bio San Isidro S.A.;Bioethanol;10125.00;Biogenic point source;Bioethanol;Campo Santo;Salta;-24.6810765;-65.09802875
Biotrinidad;Biotrinidad S.A.;Bioethanol;21600.00;Biogenic point source;Bioethanol;San Miguel de Tucumán;Tucumán;-26.82826317;-65.20884372
Compañía Bioenergética La Florida;Compañía Bioenergética La Florida S.A.;Bioethanol;93750.00;Biogenic point source;Bioethanol;La Florida;Tucumán;-26.81731107;-65.08538766
Energías Ecológicas de Tucumán;Energías Ecológicas de Tucumán - Grupo Colombres;Bioethanol;24750.00;Biogenic point source;Bioethanol;Aguilares;Tucumán;-27.4571049;-65.60985513
Fronterita Energía S.A.;Fronterita Energia S.A.;Bioethanol;24000.00;Biogenic point source;Bioethanol;Juan XXIII;Tucumán;-27.0235712;-65.30157927
Ingenio Río Grande;Rio Grande Energia S.A.;Bioethanol;16200.00;Biogenic point source;Bioethanol;La Mendieta;Jujuy;-24.31258742;-64.9683694
ACA;Aca Bio Cooperativa Ltda.;Bioethanol;93750.00;Biogenic point source;Bioethanol;Villa María;Córdoba;-32.41597156;-63.16162482
Bio IV;Bioetanol Rio Cuarto A.A.;Bioethanol;75000.00;Biogenic point source;Bioethanol;Río Cuarto;Córdoba;-33.17998671;-64.38329425
Diaser;Derivados San Luis;Bioethanol;69300.00;Biogenic point source;Bioethanol;San Luis;San Luis;-33.32563333;-66.36372385
Maíz Energía;MAÍZ ENERGÍA S.A.;Bioethanol;44100.00;Biogenic point source;Bioethanol;Ciudad de Córdoba;Córdoba;-31.37191425;-64.18185929
Promaíz;Promaiz S.A.;Bioethanol;165000.00;Biogenic point source;Bioethanol;Alejandro Roca;Córdoba;-33.36537538;-63.71712134
Vicentin;Vicentin S.A.I.C.;Bioethanol;86250.00;Biogenic point source;Bioethanol;Avellaneda;Santa Fe;-31.62099492;-60.71499331
Seaboard Energía Renovables y Alimentos;Seaboard Energía Renovables y Alimentos;Bioethanol;185625.00;Biogenic point source;Bioethanol;Orán;Salta;-23.2022408;-64.29616772
Bioenergética Leales S.A.;Bioenergética Leales S.A.;Bioethanol;31500.00;Biogenic point source;Bioethanol;Cevil Pozo;Tucumán;-26.84424771;-65.14264897
Bio Atar S.A.;Bio Atar S.A.;Bioethanol;49500.00;Biogenic point source;Bioethanol;Alderetes;Tucumán;-26.83469939;-65.15279485
Arauco Argentina S.A. ;Arauco Argentina S.A. ;Cellulose and paper;875000.00;Industrial point source;Cellulose pulp;Puerto Esperanza;Misiones;-25.97573961;-54.63376934
Celulosa Argentina S.A.;Celulosa Argentina S.A.;Cellulose and paper;416400.00;Industrial point source;Cellulose pulp;Capitan Bermudez;Santa Fe;-32.73646168;-60.70218034
Papel Prensa S.A.I.C.F.;Papel Prensa S.A.I.C.F.;Cellulose and paper;421762.50;Industrial point source;Cellulose pulp;San Pedro;Buenos Aires;-33.7216403;-59.62774924
Papel Misionero;Papel Misionero;Cellulose and paper;272137.50;Industrial point source;Cellulose pulp;Puerto Leoni;Misiones;-26.93561856;-55.11980442
Papelera del NOA S.A.;Papelera del NOA S.A.;Cellulose and paper;85425.00;Industrial point source;Cellulose pulp;Río Blanco;Jujuy;-24.23195846;-65.23014529
Fábrica de Papel Ledesma;Fábrica de Papel Ledesma;Cellulose and paper;212250.00;Industrial point source;Cellulose pulp;Libertador General San Martín;Jujuy;-23.82765684;-64.79551334
Fana Química SA;Fana Química SA;Cellulose and paper;4000.00;Industrial point source;Cellulose pulp;San José;Entre Ríos;;
Fábrica L'Amalí;Loma Negra;Cement;2442352.94;Industrial point source;Cement;Olavarría;Buenos Aires;-37.03607735;-60.29810249
Fábrica Olavarría;Loma Negra;Cement;1144852.94;Industrial point source;Cement;Olavarría;Buenos Aires;-36.93725544;-60.16484634
Fábrica Sierras Bayas;Loma Negra;Cement;;Industrial point source;Cement;Sierras Bayas;Buenos Aires;-36.9383899;-60.16503118
Fábrica Barker;Loma Negra;Cement;;Industrial point source;Cement;Benito Juarez;Buenos Aires;-37.68283558;-59.388828
Planta Ramallo;Loma Negra;Cement;;Industrial point source;Cement;Ramallo;Buenos Aires;-33.38022978;-60.15325117
Fábrica Catamarca;Loma Negra;Cement;1373823.53;Industrial point source;Cement;El Alto;Catamarca;-28.46620076;-65.21491434
Fábrica San Juan;Loma Negra;Cement;;Industrial point source;Cement;Rivadavia;San Juan;-31.54717154;-68.67430483
Fábrica Zapala;Loma Negra;Cement;305294.12;Industrial point source;Cement;Zapala;Neusaquén;-38.89661841;-70.03773085
Fábrica LomaSer;Loma Negra;Cement;;Industrial point source;Cement;Vicente Casares;Buenos Aires;-34.95797683;-58.64295248
Planta Holcim Capdeville Mendoza;HOLCIM;Cement;534264.71;Industrial point source;Cement;Las Heras;Mendoza;-32.7406102;-68.83721964
Planta Holcim Malagueño;HOLCIM;Cement;2366029.41;Industrial point source;Cement;Malagueño;Córdoba;-31.47714495;-64.35835512
Planta Holcim Puesto Viejo;HOLCIM;Cement;763235.29;Industrial point source;Cement;Puesto Viejo;Jujuy;-24.49038325;-64.9570812
Planta Holcim Campana;HOLCIM;Cement;;Industrial point source;Cement;Campana;Buenos Aires;-34.14560719;-59.02034634
Planta Campana;Cementos Avellaneda;Cement;;Industrial point source;Cement;Campana;Buenos Aires;-34.16978546;-59.00184583
San Jacinto;Cementos Avellaneda;Cement;1831764.71;Industrial point source;Cement;Olavarría;Buenos Aires;;
El Grande;Cementos Avellaneda;Cement;839558.82;Industrial point source;Cement;La Calera;San Luis;;
Fábrica Comodoro Rivadavia;PCR;Cement;;Industrial point source;Cement;Comodoro Rivadavia;Chubut;-45.80214455;-67.4236816
Fábrica Pico Truncado;PCR;Cement;457941.18;Industrial point source;Cement;Pico Truncado;Santa Cruz;-46.78713825;-67.92954422
Planta siderúrgica Ternium Siderar;Ternium Argentina S.A.;Steel;5286272.00;Industrial point source;Slabs and hot rolled flat products . cold rolled flat products . tinplate;Ramallo/San Nicolas;Buenos Aires;-33.32260493;-60.15945416
;Ternium Argentina S.A.;Steel;;Industrial point source;Cold rolled flat products ;Ensenada;Buenos Aires;-34.80606584;-57.92924997
;Ternium Argentina S.A.;Steel;;Industrial point source;Galvanized. electro zinced and prepainted ;Haedo;Buenos Aires;-34.58262707;-58.63146321
;Ternium Argentina S.A.;Steel;;Industrial point source;Galvanized. electro zinced and prepainted ;Canning;Buenos Aires;-34.79942658;-58.51610678
;Ternium Argentina S.A.;Steel;;Industrial point source;Galvanized. electro zinced and prepainted ;Florencio Varela;Buenos Aires;-34.72722318;-58.18102379
;Ternium Argentina S.A.;Steel;;Industrial point source;Seam pipes;Rosario;Santa Fe;-32.88917097;-60.70918231
Planta siderúrgica TenarisSiderca;Ternaris S.A. / Siderca S.A.I.C.;Steel;650000.00;Industrial point source;Seamless pipes ;Campana;Buenos Aires;-34.152554;-58.977388
;Ternaris S.A. / Siderca S.A.I.C.;Steel;;Industrial point source;Seam pipes ;Valentin Alsina;Buenos Aires;-34.66288154;-58.40681255
;Ternaris S.A. / Siderca S.A.I.C.;Steel;;Industrial point source;Seam pipes ;Villa Constitución;Santa Fe;-33.23981167;-60.31761739
;Ternaris S.A. / Siderca S.A.I.C.;Steel;;Industrial point source;Sucker rods and accesories ;Villa Mercedes;San Luis;-34.69235624;-58.54186997
Planta siderúrgia ArcelorMittal Acindar;Acindar Industria Argentina de Aceros S.A.;Steel;1015000.00;Industrial point source;Billets. rolled non-flat products ;Villa Constitución;Santa Fe;-33.256309;-60.292472
;Acindar Industria Argentina de Aceros S.A.;Steel;;Industrial point source;Billets. rolled non-flat products ;Rosario;Santa Fe;-32.97077123;-60.72206377
;Acindar Industria Argentina de Aceros S.A.;Steel;;Industrial point source;Billets. rolled non-flat products ;La Tablada;Buenos Aires;;
;Acindar Industria Argentina de Aceros S.A.;Steel;;Industrial point source;Billets. rolled non-flat products ;San Nicolas;Buenos Aires;-33.34700797;-60.25863236
;Acindar Industria Argentina de Aceros S.A.;Steel;;Industrial point source;Billets. rolled non-flat products ;Villa Mercedes;San Luis;-33.72087734;-65.46444205
Planta Siderurgica ACERBRAG;Acerbrag S.A. (grupo brasileño Votorantim);Steel;;Industrial point source;Rolled non-flat products ;Bragado;Buenos Aires;-35.13711789;-60.4520892
Aceros Zapla;Aceros Zapla S.A.;Steel;;Industrial point source;Billets. rolled non-flat products ;Palpalá;Jujuy;-24.2460988;-65.19816083
Planta siderúrgica Gerdau Sipar Pérez;Gerdau SA;Steel;103031.00;Industrial point source;Rolled non-flat products ;Pérez;Santa Fe;-32.9912336;-60.7588733
ALUAR SA - GENERADOR;Aluar;Thermal power plant;210445.00;Industrial point source;Electrical energy;Puerto Madryn;Chubut;-42.7438848;-65.04839927
ARCOR MARIO SEVESO ARROYITO;;Thermal power plant;93267.00;Industrial point source;;;Córdoba;;
C. TERMICAS MENDOZA PLUS;;Thermal power plant;788702.00;Industrial point source;;;Mendoza;;
C. TERMICAS MENDOZA SA;;Thermal power plant;297745.00;Industrial point source;;;Mendoza;;
C.COSTA ATLANTICA;;Thermal power plant;509899.00;Industrial point source;;;Buenos Aires;;
C.T. AES PARANA;;Thermal power plant;1717893.00;Industrial point source;;;Buenos Aires;;
C.T. AGUA DEL CAJON;;Thermal power plant;1108638.00;Industrial point source;Electrical energy;Neuquén;Neuquén;-38.93531878;-68.35746075
C.T. ALMIRANTE BROWN;Excell Power S.R.L.;Thermal power plant;7094.00;Industrial point source;Electrical energy;Burazco;Buenos Aires;-34.83766034;-58.40568505
C.T. LOMA DE LA LATA S.A.;C.T. LOMA DE LA LATA S.A.;Thermal power plant;1779653.00;Industrial point source;Electrical energy;Neuquén;Neuquén;-38.51178974;-68.60637825
C.T. PATAGONICAS SA;CENTRALES TERMICAS PATAGONICAS S.A.;Thermal power plant;27712.00;Industrial point source;Electrical energy;Comodoro Rivadavia;Chubut;-45.81390612;-67.44427712
C.T. SALTA (TERMOANDES);AES;Thermal power plant;1004183.00;Industrial point source;Electrical energy;Cobos;Salta;-24.74271171;-65.05151496
C.TERMICA ALTO VALLE;;Thermal power plant;198282.00;Industrial point source;Electrical energy;Neuquén;Neuquén;-38.95161594;-68.02174487
C.TERMICA GUEMES S.A.;;Thermal power plant;139062.00;Industrial point source;;;Salta;;
C.TERMICA SAN NICOLAS;AES;Thermal power plant;2158549.00;Industrial point source;Electrical energy;San Nicolás de Los Arroyos;Buenos Aires;-33.35809074;-60.17476179
C.TERMICA SORRENTO;;Thermal power plant;20821.00;Industrial point source;;;Santa Fe;;
CAPEX S.A. AUTOGENERADOR;;Thermal power plant;1075683.00;Industrial point source;;;Neuquén;;
CENTRAL DIQUE S.A.;CENTRAL DIQUE S.A.;Thermal power plant;478.00;Industrial point source;Electrical energy;Ensenada;Buenos Aires;-34.88987358;-57.93335436
CENTRAL DOCK SUD;Central Dock Sud;Thermal power plant;2101890.00;Industrial point source;Electrical energy;Dock Sud;Buenos Aires;-34.65327861;-58.34352059
CENTRAL PIEDRA BUENA S.A.;Pampa Energía;Thermal power plant;243763.00;Industrial point source;Electrical energy;Ingeniero White;Buenos Aires;-38.78482523;-62.25607271
CENTRAL PUERTO SA;Central Puerto S.A.;Thermal power plant;3481800.00;Industrial point source;Electrical energy;Luján de Cuyo;Mendoza;-33.05433167;-68.98071723
CENTRAL TÉRMICA LOMITA AUTOG.;;Thermal power plant;59300.00;Industrial point source;;;Neuquén;;
CENTRAL TERMICA PIQUIRENDA;Pampa Energía;Thermal power plant;25963.00;Industrial point source;Electrical energy;Piquirenda;Salta;-22.35004604;-63.76700533
COOP. MNO. MORENO BS. AS.GENER;;Thermal power plant;668.00;Industrial point source;;;Buenos Aires;;
CT 9 de JULIO C Cost ATLANTICA;Centrales de la Costa Atlántica S.A.;Thermal power plant;221258.00;Industrial point source;Electrical energy;Mar del Plata;Buenos Aires;-38.04949391;-57.54553583
CT ACONCAGUA ENERGÍA AUTOGENER;;Thermal power plant;17.00;Industrial point source;;;Mendoza;;
CT ALEM - AGGREKO;;Thermal power plant;35577.00;Industrial point source;;;Misiones;;
CT ANCHORIS - METHAX;EMESA;Thermal power plant;50825.00;Industrial point source;Electrical energy;Tupungato;Mendoza;-33.3133564;-68.89151146
CT AÑATUYA - SULLAIR;;Thermal power plant;11557.00;Industrial point source;Electrical energy;Añatuya;Santiago del Estero;-28.44584131;-62.85560319
CT AÑATUYA II - SULLAIR;;Thermal power plant;4840.00;Industrial point source;Electrical energy;Añatuya;Santiago del Estero;-28.44584131;-62.85560319
CT ARISTOBU.DEL VALLE-SOENERGY;;Thermal power plant;24495.00;Industrial point source;Electrical energy;Aristóbulo del Valle;Misiones;-27.09123769;-54.86344241
CT ARRECIFES-AGGREKO;;Thermal power plant;8081.00;Industrial point source;;;Buenos Aires;;
CT BANDERA SgoEstero - ENARSA;;Thermal power plant;4539.00;Industrial point source;;;Santiago del Estero;;
CT BARILOCHE;;Thermal power plant;1392.00;Industrial point source;;;Río Negro;;
CT BARKER CIERRE CC;;Thermal power plant;636102.00;Industrial point source;Electrical energy;Benito Juárez;Buenos Aires;-37.54858826;-59.4506657
CT BARRAGAN - ENARSA;ENARSA;Thermal power plant;319657.00;Industrial point source;Electrical energy;Ensenada;Buenos Aires;-34.85965751;-57.95577403
CT BARRANQUERAS Chaco;;Thermal power plant;3373.00;Industrial point source;;;Chaco;;
CT BELL VILLE - SULLAIR;SULLAIR ARGENTINA S.A.;Thermal power plant;6459.00;Industrial point source;Electrical energy;Bell Ville;Córdoba;-32.61039562;-62.68583225
CT BRACHO CIERRE CC- Y-GEN S.A;;Thermal power plant;1242878.00;Industrial point source;;;Tucumán;;
CT BRAGADO - EMGASUD;;Thermal power plant;7559.00;Industrial point source;;;Buenos Aires;;
CT BRAGADO 2 - GENNEIA;Genneia;Thermal power plant;79138.00;Industrial point source;Electrical energy;Bragado;Buenos Aires;-35.13651396;-60.43241426
CT BRAGADO 3 - GENNEIA;Genneia;Thermal power plant;92453.00;Industrial point source;Electrical energy;Bragado;Buenos Aires;-35.13651396;-60.43241426
CT BRIGADIER LOPEZ;Central Puerto S.A.;Thermal power plant;64572.00;Industrial point source;Electrical energy;Santa Fe;Santa Fe;-31.71284154;-60.77930021
CT CAIMANCITO -SULLAIR;;Thermal power plant;62571.00;Industrial point source;Electrical energy;Libertador Gral San Martín;Jujuy;-23.73226891;-64.61399317
CT CAÑADA DE GOMEZ - SECCO;Secco;Thermal power plant;105744.00;Industrial point source;Electrical energy;Cañada de Gómez;Santa Fe;-32.78187222;-61.41843352
CT CAPITAN SARMIENTO - SECCO;Secco;Thermal power plant;10205.00;Industrial point source;;;Buenos Aires;;
CT CASTELLI - AGGREKO;;Thermal power plant;9440.00;Industrial point source;;;Chaco;;
CT CATAMARCA - SECCO;;Thermal power plant;10013.00;Industrial point source;;;Catamarca;;
CT CERES - SECCO;;Thermal power plant;3924.00;Industrial point source;;;Santa Fe;;
CT CHARATA - SULLAIR;;Thermal power plant;7334.00;Industrial point source;;;Chaco;;
CT CHILECITO - SECCO;Secco;Thermal power plant;4810.00;Industrial point source;Electrical energy;Chilecito;La Rioja;-29.15733701;-67.50746666
CT CIPOLLETI - AGGREKO;;Thermal power plant;501.00;Industrial point source;;;Río Negro;;
CT COLON BS.AS - SULLAIR;;Thermal power plant;5222.00;Industrial point source;Electrical energy;Colón;Buenos Aires;-33.73201213;-61.09709894
CT CORRIENTES - AGGREKO;;Thermal power plant;7204.00;Industrial point source;;;Corrientes;;
CT EZEIZA ETAPA1 G MEDITERRANE;;Thermal power plant;56618.00;Industrial point source;Electrical energy;Carlos Spegazzini;Buenos Aires;-34.90274362;-58.61692333
CT EZEIZA ETAPA2 G MEDITERRANE;;Thermal power plant;32456.00;Industrial point source;Electrical energy;Carlos Spegazzini;Buenos Aires;-34.90274362;-58.61692333
CT FORMOSA - APR ENERGY;;Thermal power plant;5006.00;Industrial point source;;;Formosa;;
CT GENERAL ROJO CIERRE CC;;Thermal power plant;619957.00;Industrial point source;Electrical energy;San Nicolás de Los Arroyos;Buenos Aires;-33.45541478;-60.28090222
CT GOYA - SECCO;;Thermal power plant;4754.00;Industrial point source;Electrical energy;Goya;Corrientes;-29.15821641;-59.27345715
CT GRAL. VILLEGAS - AGGREKO;;Thermal power plant;14209.00;Industrial point source;;;Buenos Aires;;
CT INDEPEND. ETAPA1 G MEDITERR;Grupo Albanesi;Thermal power plant;10088.00;Industrial point source;Electrical energy;San Miguel de Tucumán;Tucumán;-26.866966;-65.22182861
CT INDEPEND. ETAPA2 G MEDITERR;Grupo Albanesi;Thermal power plant;9463.00;Industrial point source;Electrical energy;San Miguel de Tucumán;Tucumán;-26.866966;-65.22182861
CT ING JUAREZ - SECCO;;Thermal power plant;2692.00;Industrial point source;Electrical energy;Ingeniero Juárez;Formosa;-23.90901687;-61.83150245
CT INTA CATAMARCA - SECCO;;Thermal power plant;3559.00;Industrial point source;;;Catamarca;;
CT ISLA VERDE - AGGREKO;;Thermal power plant;7670.00;Industrial point source;;;Córdoba;;
CT ITATI - TURBODISEL;;Thermal power plant;1498.00;Industrial point source;;;Corrientes;;
CT JUNIN;;Thermal power plant;14479.00;Industrial point source;;;Buenos Aires;;
CT LA PAZ Entre Rios - ENARSA;;Thermal power plant;2674.00;Industrial point source;;;Entre Ríos;;
CT LA PLATA - SULLAIR;;Thermal power plant;14048.00;Industrial point source;Electrical energy;San Carlos;Buenos Aires;-34.9338664;-58.01640058
CT LA RIOJA - SECCO;;Thermal power plant;7688.00;Industrial point source;;;La Rioja;;
CT LA RIOJA SUR- SECCO;;Thermal power plant;3506.00;Industrial point source;;;La Rioja;;
CT LAGUNA BLANCA - SECCO;;Thermal power plant;4457.00;Industrial point source;Electrical energy;Laguna Blanca;Formosa;-25.12695055;-58.25915073
CT LAS ARMAS II - EMGASUD;;Thermal power plant;606.00;Industrial point source;;;#NV;;
CT LAS PALMAS 2 - ARAUCARIA;;Thermal power plant;100667.00;Industrial point source;;;Buenos Aires;;
CT LAS PALMAS -TURBODISEL;;Thermal power plant;543.00;Industrial point source;;;Chaco;;
CT LIBERTADOR GSM - SULLAIR;;Thermal power plant;3331.00;Industrial point source;;;Jujuy;;
CT LINCOLN;;Thermal power plant;5898.00;Industrial point source;Electrical energy;Lincoln;Buenos Aires;-34.85716731;-61.52070383
CT LOBOS BS.AS - SULLAIR;;Thermal power plant;23328.00;Industrial point source;;;Buenos Aires;;
CT LOMA CAMPANA 1 -YPF;;Thermal power plant;93992.00;Industrial point source;;;Neuquén;;
CT LOMA CAMPANA 2 -Y-GEN ELECT;;Thermal power plant;164946.00;Industrial point source;;;Neuquén;;
CT LOMA DE LA LATA II(NEUQEUN);;Thermal power plant;228867.00;Industrial point source;;;Neuquén;;
CT LUJAN II - ARAUCARIA ENERGY;;Thermal power plant;68363.00;Industrial point source;;;Buenos Aires;;
CT MAGDALENA - APR ENERGY;;Thermal power plant;4433.00;Industrial point source;;;Buenos Aires;;
CT MATHEU II - APR ENERGY;;Thermal power plant;1875.00;Industrial point source;;;Buenos Aires;;
CT MIRAMAR I - ENERGYST;;Thermal power plant;23587.00;Industrial point source;;;Buenos Aires;;
CT ORAN - SECCO;;Thermal power plant;3717.00;Industrial point source;;;Salta;;
CT PARQUE INDUSTR.CATAM-SECCO;;Thermal power plant;8843.00;Industrial point source;;;Catamarca;;
CT PASO LA PATRIA-TURBODISEL;;Thermal power plant;1189.00;Industrial point source;;;Corrientes;;
CT PEREZ - SECCO;;Thermal power plant;109776.00;Industrial point source;;;Santa Fe;;
CT PIEDRABUENA MG(L.LATA);;Thermal power plant;173945.00;Industrial point source;;;Buenos Aires;;
CT PILAR - EPEC;;Thermal power plant;1055603.00;Industrial point source;;;Córdoba;;
CT PILAR BS AS- PAMPA ENERGÍA;;Thermal power plant;187528.00;Industrial point source;;;Buenos Aires;;
CT PIRANE - SULLAIR;;Thermal power plant;10675.00;Industrial point source;;;Formosa;;
CT PRESIDENCIA ROCA;;Thermal power plant;1276.00;Industrial point source;;;Chaco;;
CT RAFAELA - SECCO;;Thermal power plant;7300.00;Industrial point source;;;Santa Fe;;
CT REALICO - SECCO;;Thermal power plant;6721.00;Industrial point source;;;La Pampa;;
CT RENOVA - ALBANESI ENERGIA;;Thermal power plant;457321.00;Industrial point source;;;Santa Fe;;
CT RIO TERCERO II - SoENERGY;;Thermal power plant;30138.00;Industrial point source;;;Córdoba;;
CT ROCA SA;;Thermal power plant;502028.00;Industrial point source;;;Río Negro;;
CT RUFINO Sta Fe - ENARSA;;Thermal power plant;8965.00;Industrial point source;;;Santa Fe;;
CT SAENZ PEÑA - APR ENERGY;;Thermal power plant;3654.00;Industrial point source;;;Chaco;;
CT SAENZ PEÑA II- AGGREKO;;Thermal power plant;4626.00;Industrial point source;;;Chaco;;
CT SALTO 2 - SoENERGY;;Thermal power plant;103648.00;Industrial point source;;;Buenos Aires;;
CT SAN MARTIN Chaco;;Thermal power plant;1320.00;Industrial point source;;;Chaco;;
CT SAN PEDRO - CIERRE CC;;Thermal power plant;33804.00;Industrial point source;;;Buenos Aires;;
CT SAN PEDRO - SPI ENERGY SA;;Thermal power plant;46087.00;Industrial point source;;;Buenos Aires;;
CT SAN SALVADOR E.Rios -ENARSA;;Thermal power plant;1815.00;Industrial point source;;;Entre Ríos;;
CT SAN VICENTE BsAs - ENARSA;;Thermal power plant;4595.00;Industrial point source;;;Buenos Aires;;
CT SANTA ROSA -TURBODISEL;;Thermal power plant;1988.00;Industrial point source;;;Corrientes;;
CT TEREVINTOS - SECCO;;Thermal power plant;2652.00;Industrial point source;;;Catamarca;;
CT TINOGASTA - SULLAIR;;Thermal power plant;4169.00;Industrial point source;;;Catamarca;;
CT VENADO TUERTO - SECCO;;Thermal power plant;7617.00;Industrial point source;;;Santa Fe;;
CT VIALE - AGGREKO;;Thermal power plant;4529.00;Industrial point source;;;Entre Ríos;;
CT VILLA ANGELA - AGGREKO;;Thermal power plant;4977.00;Industrial point source;;;Chaco;;
CT VILLA GESELL-CATLANT.;;Thermal power plant;333196.00;Industrial point source;;;Buenos Aires;;
CT VILLA MARIA CIERRE CC-UENSA;;Thermal power plant;630749.00;Industrial point source;;;Córdoba;;
CT VILLA OCAMPO - SECCO;;Thermal power plant;32945.00;Industrial point source;;;Santa Fe;;
CT VUELTA DE OBLIGADO;;Thermal power plant;1829953.00;Industrial point source;;;Santa Fe;;
CT ZAPPALORTO - APR ENERGY;;Thermal power plant;15249.00;Industrial point source;;;Buenos Aires;;
EDECAT GENERACION;;Thermal power plant;397.00;Industrial point source;;;Catamarca;;
EDELAR GENERACION;;Thermal power plant;18733.00;Industrial point source;;;La Rioja;;
EDEN GENERACION;;Thermal power plant;1627.00;Industrial point source;;;Buenos Aires;;
ELECTROPATAGONIA-C.RIV-C.COMB.;;Thermal power plant;15137.00;Industrial point source;;;Chubut;;
EMP.DIS.S.ESTERO GENERACION;;Thermal power plant;4901.00;Industrial point source;;;Santiago del Estero;;
EMSA GENERACION;;Thermal power plant;10472.00;Industrial point source;;;Misiones;;
ENDESA COSTANERA SA;;Thermal power plant;2518331.00;Industrial point source;;;Buenos Aires;;
ENERGIA DEL SUR S.A.;;Thermal power plant;226761.00;Industrial point source;;;Chubut;;
EPEC GENERACION;;Thermal power plant;15814.00;Industrial point source;;;Córdoba;;
GEN.MEDITERRANEA (CONT.PLUS);;Thermal power plant;36744.00;Industrial point source;;;Córdoba;;
GEN.MEDITERRANEA GRUPO 5;;Thermal power plant;27675.00;Industrial point source;;;Córdoba;;
GENELBA - PETROBRAS;;Thermal power plant;1898589.00;Industrial point source;;;Buenos Aires;;
GENELBA - RES.287;;Thermal power plant;1396334.00;Industrial point source;;;Buenos Aires;;
GENERACION FRIAS S.A.;;Thermal power plant;15755.00;Industrial point source;;;Santiago del Estero;;
GENERACION INDEPENDENCIA S.A.;;Thermal power plant;28961.00;Industrial point source;;;Tucumán;;
GENERACION LA BANDA S.A.;;Thermal power plant;2514.00;Industrial point source;;;Santiago del Estero;;
GENERACION MEDITERRANEA;;Thermal power plant;6470.00;Industrial point source;;;Córdoba;;
GENERACION MEDITERRANEA 220;;Thermal power plant;31381.00;Industrial point source;;;Córdoba;;
GENERACION RIOJANA SA;;Thermal power plant;13132.00;Industrial point source;;;La Rioja;;
GENERADORA CORDOBA S.A.;;Thermal power plant;1537.00;Industrial point source;;;Córdoba;;
GENERADORA ELEC.TUCUMAN SA;;Thermal power plant;9198.00;Industrial point source;;;Tucumán;;
HIDROTERMICA SAN JUAN;;Thermal power plant;6068.00;Industrial point source;;;San Juan;;
LA PLATA COGENERACION SA;;Thermal power plant;339665.00;Industrial point source;;;Buenos Aires;;
LEDESMA SAAI;;Thermal power plant;7544.00;Industrial point source;;;Jujuy;;
LUJAN DE CUYO COGENERAC.PUERTO;;Thermal power plant;265976.00;Industrial point source;;;Mendoza;;
MOLINOS AGRO AG.(Ex.Mol Rio P);;Thermal power plant;222.00;Industrial point source;;;Santa Fe;;
MOTOGENERADORES COSTANERA;;Thermal power plant;47985.00;Industrial point source;;;Buenos Aires;;
NIDERA SAFORCADA-Junin;;Thermal power plant;20.00;Industrial point source;;;Buenos Aires;;
PAMPA ENERGIA SA;;Thermal power plant;78724.00;Industrial point source;;;Salta;;
REFINERIA LA PLATA AUTOG;;Thermal power plant;10998.00;Industrial point source;;;Buenos Aires;;
SHELL CAPSA PTA. DOCK SUD;;Thermal power plant;25501.00;Industrial point source;;;Buenos Aires;;
SIDERAR PTA. IND. SAN NICOLAS;;Thermal power plant;31.00;Industrial point source;;;Buenos Aires;;
SINOPEC Arg. - El Huemul;;Thermal power plant;29407.00;Industrial point source;;;Santa Cruz;;
SINOPEC Arg. - Meseta Espinosa;;Thermal power plant;13683.00;Industrial point source;;;Santa Cruz;;
SOLALBAN ENERGIA SA;;Thermal power plant;42405.00;Industrial point source;;;Buenos Aires;;
TERMINAL 6 COGENERACION PUERTO;;Thermal power plant;209988.00;Industrial point source;;;Santa Fe;;
TERMOELE. JOSE SAN MARTIN S.A;;Thermal power plant;2045982.00;Industrial point source;;;Santa Fe;;
TERMOELECTRICA GUILLERMO BROWN;;Thermal power plant;1021465.00;Industrial point source;;;Buenos Aires;;
TERMOELECTRICA M.BELGRANO S.A.;;Thermal power plant;2150020.00;Industrial point source;;;Buenos Aires;;
YAC.ENTRE LOMAS AUTOGENERADOR;;Thermal power plant;27680.00;Industrial point source;;;Río Negro;;
YPF Autogenerador Pza. Huincul;;Thermal power plant;161867.00;Industrial point source;;;Neuquén;;
YPF CT MANANTIALES BEHR II AG;;Thermal power plant;8767.00;Industrial point source;;;Chubut;;
YPF EL TREBOL CT MANANT. BEHR;;Thermal power plant;6.00;Industrial point source;;;Chubut;;
YPF ENERGÍA ELECTR.ex PLUSPETG;;Thermal power plant;1400041.00;Industrial point source;;;Tucumán;;
YPF LA PLATA COGENERACION;;Thermal power plant;228277.00;Industrial point source;;;Buenos Aires;;
YPF LOS PERALES AUTOG;;Thermal power plant;68352.00;Industrial point source;;;Santa Cruz;;
YPF YAC P.HERNANDEZ AUTOG;;Thermal power plant;26.00;Industrial point source;;;Neuquén;;
BIOGAS CT AVELLANEDA SECCO;;Biogas Power Plant;41391.00;Biogenic point source;Electrical energy;;SANTA FE;;
CENTRAL BIOELECTRICA R.CUARTO1;;Biogas Power Plant;13140.00;Biogenic point source;Electrical energy;;CORDOBA;;
C.BIOELECT.R.CUARTO1 REN2;;Biogas Power Plant;10249.20;Biogenic point source;Electrical energy;;CORDOBA;;
C.BIOELECT.R.CUARTO2 REN1;;Biogas Power Plant;7884.00;Biogenic point source;Electrical energy;;CORDOBA;;
C.BIOELECT.R.CUARTO2 REN2;;Biogas Power Plant;7884.00;Biogenic point source;Electrical energy;;CORDOBA;;
BIOGAS CTBG CITRUSVIL-ALCOVIL;;Biogas Power Plant;19710.00;Biogenic point source;Electrical energy;;TUCUMAN;;
BIOGAS RS CT ENSENADA SECCO;;Biogas Power Plant;34821.00;Biogenic point source;Electrical energy;;BUENOS AIRES;;
CTBG GENERAL ALVEAR;;Biogas Power Plant;6570.00;Biogenic point source;Electrical energy;;BUENOS AIRES;;
BIOGAS CTBG GIGENA I;;Biogas Power Plant;7884.00;Biogenic point source;Electrical energy;;CORDOBA;;
BIOGAS CTBG JUSTO DARACT;;Biogas Power Plant;6570.00;Biogenic point source;Electrical energy;;SAN LUIS;;
BIOGAS CTBG PACUCA BIO ENERGÍA;;Biogas Power Plant;6570.00;Biogenic point source;Electrical energy;;BUENOS AIRES;;
BIOGAS CTBG PERGAMINO;;Biogas Power Plant;15768.00;Biogenic point source;Electrical energy;;BUENOS AIRES;;
C.T.SAN MARTIN NORTE 3A;;Biogas Power Plant;33507.00;Biogenic point source;Electrical energy;;BUENOS AIRES;;
CT SAN MIGUEL NORTE III-ENARSA;;Biogas Power Plant;75555.00;Biogenic point source;Electrical energy;;BUENOS AIRES;;
ENERGIA AGRO S.A.U;;Biogas Power Plant;9296.55;Biogenic point source;Electrical energy;;SANTA FE;;
BIOGAS CTBG TIGONBU;;Biogas Power Plant;13140.00;Biogenic point source;Electrical energy;;SAN LUIS;;
BIOGAS CTBG VILLA DEL ROS. CGY;;Biogas Power Plant;6570.00;Biogenic point source;Electrical energy;;CORDOBA;;
BIOGAS CTBG VENADO TUERTO;;Biogas Power Plant;13797.00;Biogenic point source;Electrical energy;;SANTA FE;;
BIO ENERGÍA YANQUETRUZ S.A.;;Biogas Power Plant;9855.00;Biogenic point source;Electrical energy;;SAN LUIS;;
BIOGAS CTBG ENRECO;;Biogas Power Plant;13140.00;Biogenic point source;Electrical energy;;CORDOBA;;
CTBG BIO ENERGÍA YANQUETRUZ II;;Biogas Power Plant;5256.00;Biogenic point source;Electrical energy;;SAN LUIS;;
CTBG BIO. SANTA CATALINA;;Biogas Power Plant;13140.00;Biogenic point source;Electrical energy;;CORDOBA;;
BIOGAS CTBG AB ENERGÍA;;Biogas Power Plant;13140.00;Biogenic point source;Electrical energy;;LA PAMPA;;
CT BIOMASA MM BIOENERGÍA;;Biogas Power Plant;19710.00;Biogenic point source;Electrical energy;;MISIONES;;
CTBRS SAN MARTÍN NORTE III-D;;Biogas Power Plant;33507.00;Biogenic point source;Electrical energy;;BUENOS AIRES;;
BIOGAS CTBG ARRE BEEF SA;;Biogas Power Plant;9855.00;Biogenic point source;Electrical energy;;BUENOS AIRES;;
BIOGAS CT RESENER SA;;Biogas Power Plant;5256.00;Biogenic point source;Electrical energy;;BUENOS AIRES;;
CTBG POLLOS SAN MATEO;;Biogas Power Plant;15768.00;Biogenic point source;Electrical energy;;CORDOBA;;
CTBG GENERAL VILLEGAS Ren 2;;Biogas Power Plant;8015.40;Biogenic point source;Electrical energy;;BUENOS AIRES;;
YPF Plaza Huincul;YPF SA;Methanol;275370.00;Industrial point source;Methanol;;Neuquén;;
Arauco General San Martin;Arauco Argentina S.A. ;Methanol;33500.00;Industrial point source;Methanol;;Santa Fe;;
La Plata Refinery;YPF SA;Refinery;2224965.52;Industrial point source;;;;;
Lujan de Cuyo Refinery;YPF SA;Refinery;1229586.21;Industrial point source;;;;;
Plaza Huincul Refinery;YPF SA;Refinery;292758.62;Industrial point source;;;;;
Raizen Dock Sud;Raizen;Refinery;1171034.48;Industrial point source;;;;;
Axion Campana Refinery;PAE;Refinery;1171034.48;Industrial point source;;;;;
DAPSA;;;0.00;Industrial point source;;;;;
Dock Sud Refinery;;Refinery;0.00;Industrial point source;;;;;
REFINOR Campo Duran Refinery;;Refinery;351310.34;Industrial point source;;;;;
TRAFIGURA Bahia Blanca Refinery;;Refinery;351310.34;Industrial point source;;;;;
OIL Combustibles San Lorenzo Refinery;;Refinery;0.00;Industrial point source;;;;;
PAMPA ENERGIA SA;;Etileno;25916.00;Industrial point source;Etileno;Pto General San Martín;Santa Fe;;
PBB Polisur S.A.;;Etileno;229900.00;Industrial point source;Etileno;Bahia Blanca;Buenos Aires;;
PBB Polisur S.A.;;Etileno;355300.00;Industrial point source;Etileno;Bahia Blanca;Buenos Aires;;
