Name;Company;Type of industry;CO2 emissions [t];Type of source;Location (city);Provincia;Location (latitude);Location (longitude);Primary product;Installed Capacity [t/a];Columna1;Utility of the installed capacity;Process;Year of emission data;Source CO2 emissions;CO2 factor [tCO2/tproduct];Generated energy [MWh] 2021;Quantity of fuel;Feedstock;Fuels;Source;;Potencial producción Metanol [t/a];Consumo de  H2 [t/a];Potencia electrolisis (FC: 60%) [MW]
Fábrica de aluminio de Aluar;Aluar;Aluminium;612057.60;Industrial point source;Puerto Madryn;Chubut;-42.63615141;-65.1028453;Aluminium;460.000;;83.16%;;2021;estimated;1.6;;;;;;;385.184;88.900;846
Bunge Campana;Bunge Argentina S.A;Ammonia;26486.46;Industrial point source;Campana;Buenos Aires;-34.09354048;-59.00465275;Ammonia;29.700;;98%;N-Ren;2021;estimated; 0.91 ;;;Natural gas;;;;16.669;3.847;37
Profertil Bahia Blanca;Profertil S.A.;Ammonia;710621.00;Industrial point source;Bahia Blanca;Buenos Aires;-38.78424491;-62.28168815;Ammonia;790.000;;98%;Haldor Topsoe;2021;Sustainability report Profertil 2021; 1.25 ;;;Natural gas;;https://rs.profertil.com.ar/;;447.213;103.217;982
Austin Powder;Austin Powder;Ammonia;53508.00;Industrial point source;El Galpón;Salta;-25.37919283;-64.65198658;Ammonia;60.000;;98%;Girdler Corp.;2021;estimated; 0.91 ;;;Natural gas;;;;33.674;7.772;74
Bioenergía la Corona;Bioenergia La Corona S.A.;Bioethanol;21600.00;Biogenic point source;Concepción;Tucumán;-27.3548157;-65.60294134;Bioethanol;25.645;;80%;;;estimated;1.052853232;;;Sugar Cane;;Carbio;;13.593;3.137;30
Bioenergías Agropecuarias S.A.;BIOENERGÍASAGROPECUARIAS S.A.;Bioethanol;22000.00;Biogenic point source;General Obligado;Santa Fe;-28.48761165;-59.39684115;Bioethanol;26.120;;80%;;;estimated;1.052853232;;;Sugar Cane;;Carbio;;13.845;3.195;30
Ingenio Santa Rosa;Bioenergía Santa Rosa S.A.;Bioethanol;21600.00;Biogenic point source;Monteros;Tucumán;-27.22139848;-65.51695443;Bioethanol;25.645;;80%;;;estimated;1.052853232;;;Sugar Cane;;Carbio;;13.593;3.137;30
Ingenio Ledesma;Bio Ledesma S.A.;Bioethanol;66000.00;Biogenic point source;Libertador General San Martin;Jujuy;-23.82436777;-64.78800974;Bioethanol;78.359;;80%;;;estimated;1.052853232;;;Sugar Cane;;Carbio;;41.536;9.586;91
Bio San Isidro;Bio San Isidro S.A.;Bioethanol;9000.00;Biogenic point source;Campo Santo;Salta;-24.6810765;-65.09802875;Bioethanol;10.685;;80%;;;estimated;1.052853232;;;Sugar Cane;;Carbio;;5.664;1.307;12
Biotrinidad;Biotrinidad S.A.;Bioethanol;19200.00;Biogenic point source;San Miguel de Tucumán;Tucumán;-26.82826317;-65.20884372;Bioethanol;22.795;;80%;;;estimated;1.052853232;;;Sugar Cane;;Carbio;;12.083;2.789;27
Compañía Bioenergética La Florida;Compañía Bioenergética La Florida S.A.;Bioethanol;83333.33;Biogenic point source;La Florida;Tucumán;-26.81731107;-65.08538766;Bioethanol;98.938;;80%;;;estimated;1.052853232;;;Sugar Cane;;Carbio;;52.444;12.104;115
Energías Ecológicas de Tucumán;Energías Ecológicas de Tucumán - Grupo Colombres;Bioethanol;22000.00;Biogenic point source;Aguilares;Tucumán;-27.4571049;-65.60985513;Bioethanol;26.120;;80%;;;estimated;1.052853232;;;Sugar Cane;;Carbio;;13.845;3.195;30
Fronterita Energía S.A.;Fronterita Energia S.A.;Bioethanol;21333.33;Biogenic point source;Juan XXIII;Tucumán;-27.0235712;-65.30157927;Bioethanol;25.328;;80%;;;estimated;1.052853232;;;Sugar Cane;;Carbio;;13.426;3.099;29
Ingenio Río Grande;Rio Grande Energia S.A.;Bioethanol;14400.00;Biogenic point source;La Mendieta;Jujuy;-24.31258742;-64.9683694;Bioethanol;17.096;;80%;;;estimated;1.052853232;;;Sugar Cane;;Carbio;;9.062;2.092;20
ACA;Aca Bio Cooperativa Ltda.;Bioethanol;83333.33;Biogenic point source;Villa María;Córdoba;-32.41597156;-63.16162482;Bioethanol;98.938;;80%;;;estimated;1.052853232;;;Corn;;Carbio;;52.444;12.104;115
Bio IV;Bioetanol Rio Cuarto A.A.;Bioethanol;66666.67;Biogenic point source;Río Cuarto;Córdoba;-33.17998671;-64.38329425;Bioethanol;79.150;;80%;;;estimated;1.052853232;;;Corn;;Carbio;;41.955;9.683;92
Diaser;Derivados San Luis;Bioethanol;61600.00;Biogenic point source;San Luis;San Luis;-33.32563333;-66.36372385;Bioethanol;73.135;;80%;;;estimated;1.052853232;;;Corn;;Carbio;;38.767;8.947;85
Maíz Energía;MAÍZ ENERGÍA S.A.;Bioethanol;39200.00;Biogenic point source;Ciudad de Córdoba;Córdoba;-31.37191425;-64.18185929;Bioethanol;46.540;;80%;;;estimated;1.052853232;;;Corn;;Carbio;;24.670;5.694;54
Promaíz;Promaiz S.A.;Bioethanol;146666.67;Biogenic point source;Alejandro Roca;Córdoba;-33.36537538;-63.71712134;Bioethanol;174.130;;80%;;;estimated;1.052853232;;;Corn;;Carbio;;92.301;21.303;203
Vicentin;Vicentin S.A.I.C.;Bioethanol;76666.67;Biogenic point source;Avellaneda;Santa Fe;-31.62099492;-60.71499331;Bioethanol;91.023;;80%;;;estimated;1.052853232;;;Corn;;Carbio;;48.248;11.136;106
Seaboard Energía Renovables y Alimentos;Seaboard Energía Renovables y Alimentos;Bioethanol;165000.00;Biogenic point source;Orán;Salta;-23.2022408;-64.29616772;Bioethanol;195.896;;80%;;;estimated;1.052853232;;;Sugar cane;;Carbio;;103.839;23.966;228
Bioenergética Leales S.A.;Bioenergética Leales S.A.;Bioethanol;28000.00;Biogenic point source;Cevil Pozo;Tucumán;-26.84424771;-65.14264897;Bioethanol;33.243;;80%;;;estimated;1.052853232;;;Sugar cane;;Carbio;;17.621;4.067;39
Bio Atar S.A.;Bio Atar S.A.;Bioethanol;44000.00;Biogenic point source;Alderetes;Tucumán;-26.83469939;-65.15279485;Bioethanol;52.239;;80%;;;estimated;1.052853232;;;Sugar cane;;Carbio;;27.690;6.391;61
Arauco Argentina S.A. ;Arauco Argentina S.A. ;Pulp and paper;875000.00;Industrial point source;Puerto Esperanza;Misiones;-25.97573961;-54.63376934;Cellulose pulp;350.000;;87%;;;estimated;2.5;;;;;;;550.661;127.093;1.209
Celulosa Argentina S.A.;Celulosa Argentina S.A.;Pulp and paper;416400.00;Industrial point source;Capitan Bermudez;Santa Fe;-32.73646168;-60.70218034;Cellulose pulp;166.560;;92%;;;estimated;2.5;;;;;;;262.052;60.482;575
Papel Prensa S.A.I.C.F.;Papel Prensa S.A.I.C.F.;Pulp and paper;421762.50;Industrial point source;San Pedro;Buenos Aires;-33.7216403;-59.62774924;Cellulose pulp;168.705;;66%;;;estimated;2.5;;;;;;;265.426;61.260;583
Papel Misionero;Papel Misionero;Pulp and paper;272137.50;Industrial point source;Puerto Leoni;Misiones;-26.93561856;-55.11980442;Cellulose pulp;108.855;;90%;;;estimated;2.5;;;;;;;171.263;39.528;376
Papelera del NOA S.A.;Papelera del NOA S.A.;Pulp and paper;85425.00;Industrial point source;Río Blanco;Jujuy;-24.23195846;-65.23014529;Cellulose pulp;34.170;;84%;;;estimated;2.5;;;;;;;53.760;12.408;118
Fábrica de Papel Ledesma;Fábrica de Papel Ledesma;Pulp and paper;212250.00;Industrial point source;Libertador General San Martín;Jujuy;-23.82765684;-64.79551334;Cellulose pulp;84.900;;67%;;;estimated;2.5;;;;;;;133.575;30.829;293
Fana Química SA;Fana Química SA;Pulp and paper;4000.00;Industrial point source;San José;Entre Ríos;;;Cellulose pulp;1.600;;41%;;;estimated;2.5;;;;;;;2.517;581;6
Fábrica L'Amalí;Loma Negra;Cement;2442352.94;Industrial point source;Olavarría;Buenos Aires;-37.03607735;-60.29810249;Cement; 3.200.000 ;;;Integrada;2021;https://climatetrace.org/map/argentina-manufacturing-co2;0.519;;;;;https://www.lomanegra.com/nuestras-unidades/;;1.537.038;354.748;3.375
Fábrica Olavarría;Loma Negra;Cement;1144852.94;Industrial point source;Olavarría;Buenos Aires;-36.93725544;-60.16484634;Cement; 1.500.000 ;;;Integrada;2021;https://climatetrace.org/map/argentina-manufacturing-co2;0.519;;;;;https://www.lomanegra.com/nuestras-unidades/;;720.486;166.288;1.582
Fábrica Sierras Bayas;Loma Negra;Cement;;Industrial point source;Sierras Bayas;Buenos Aires;-36.9383899;-60.16503118;Cement;;;;cerrada;2021;https://climatetrace.org/map/argentina-manufacturing-co2;0.519;;;;;https://www.lomanegra.com/nuestras-unidades/;;0;0;0
Fábrica Barker;Loma Negra;Cement;;Industrial point source;Benito Juarez;Buenos Aires;-37.68283558;-59.388828;Cement;;;;Grinding (molienda);;;0.519;;;;;https://www.lomanegra.com/nuestras-unidades/;;0;0;0
Planta Ramallo;Loma Negra;Cement;;Industrial point source;Ramallo;Buenos Aires;-33.38022978;-60.15325117;Cement;;;;Grinding (molienda);;;0.519;;;;;https://www.lomanegra.com/nuestras-unidades/;;0;0;0
Fábrica Catamarca;Loma Negra;Cement;1373823.53;Industrial point source;El Alto;Catamarca;-28.46620076;-65.21491434;Cement; 1.800.000 ;;;Integrada;2021;https://climatetrace.org/map/argentina-manufacturing-co2;0.519;;;;;https://www.lomanegra.com/nuestras-unidades/;;864.584;199.546;1.898
Fábrica San Juan;Loma Negra;Cement;;Industrial point source;Rivadavia;San Juan;-31.54717154;-68.67430483;Cement;;;;Grinding (molienda);2021;https://climatetrace.org/map/argentina-manufacturing-co2;0.519;;;;;https://www.lomanegra.com/nuestras-unidades/;;0;0;0
Fábrica Zapala;Loma Negra;Cement;305294.12;Industrial point source;Zapala;Neuquén;-38.89661841;-70.03773085;Cement; 400.000 ;;;Integrada;2021;https://climatetrace.org/map/argentina-manufacturing-co2;0.519;;;;;https://www.lomanegra.com/nuestras-unidades/;;192.130;44.344;422
Fábrica LomaSer;Loma Negra;Cement;;Industrial point source;Vicente Casares;Buenos Aires;-34.95797683;-58.64295248;Cement;;;;Blending;;;0.519;;;;;https://www.lomanegra.com/nuestras-unidades/;;0;0;0
Planta Holcim Capdeville Mendoza;HOLCIM;Cement;534264.71;Industrial point source;Las Heras;Mendoza;-32.7406102;-68.83721964;Cement; 700.000 ;;;;2021;https://climatetrace.org/map/argentina-manufacturing-co2;0.519;;;;;;;336.227;77.601;738
Planta Holcim Malagueño;HOLCIM;Cement;2366029.41;Industrial point source;Malagueño;Córdoba;-31.47714495;-64.35835512;Cement; 3.100.000 ;;;;;;0.519;;;;;;;1.489.005;343.662;3.269
Planta Holcim Puesto Viejo;HOLCIM;Cement;763235.29;Industrial point source;Puesto Viejo;Jujuy;-24.49038325;-64.9570812;Cement; 1.000.000 ;;;;;;0.519;;;;;;;480.324;110.859;1.055
Planta Holcim Campana;HOLCIM;Cement;;Industrial point source;Campana;Buenos Aires;-34.14560719;-59.02034634;Cement;;;;;;;0.519;;;;;;;0;0;0
Planta Campana;Cementos Avellaneda;Cement;;Industrial point source;Campana;Buenos Aires;-34.16978546;-59.00184583;Cement;;;;;;;0.519;;;;;;;0;0;0
San Jacinto;Cementos Avellaneda;Cement;1831764.71;Industrial point source;Olavarría;Buenos Aires;-36.98156278;-60.24814569;Cement; 2.400.000 ;;;;;;0.519;;;;;;;1.152.778;266.061;2.531
El Grande;Cementos Avellaneda;Cement;839558.82;Industrial point source;La Calera;San Luis;-32.799973;-66.85763867;Cement; 1.100.000 ;;;;;;0.519;;;;;;;528.357;121.945;1.160
Fábrica Comodoro Rivadavia;PCR;Cement;;Industrial point source;Comodoro Rivadavia;Chubut;-45.80214455;-67.4236816;Cement;;;;;2021;https://climatetrace.org/map/argentina-manufacturing-co2;0.519;;;;;;;0;0;0
Fábrica Pico Truncado;PCR;Cement;457941.18;Industrial point source;Pico Truncado;Santa Cruz;-46.78713825;-67.92954422;Cement; 600.000 ;;;;;;0.519;;;;;;;288.195;66.515;633
Planta siderúrgica Ternium Siderar;Ternium Argentina S.A.;Steel;5286272.00;Industrial point source;Ramallo/San Nicolas;Buenos Aires;-33.32260493;-60.15945416;Slabs and hot rolled flat products . cold rolled flat products . tinplate;3.200.000;;59%;Blast Furnace - Basic Oxygen Furnace (BF-BOF);2021;https://climatetrace.org/map/argentina-manufacturing-co2;1.65196;;;;;https://www.gem.wiki/Planta_sider%C3%BArgica_Ternium_Siderar;;3.326.792;767.824;7.304
;Ternium Argentina S.A.;Steel;;Industrial point source;Ensenada;Buenos Aires;-34.80606584;-57.92924997;Cold rolled flat products ;;;;;;;;;;;;;;0;0;0
;Ternium Argentina S.A.;Steel;;Industrial point source;Haedo;Buenos Aires;-34.58262707;-58.63146321;Galvanized. electro zinced and prepainted ;;;;;;;;;;;;;;0;0;0
;Ternium Argentina S.A.;Steel;;Industrial point source;Canning;Buenos Aires;-34.79942658;-58.51610678;Galvanized. electro zinced and prepainted ;;;;;;;;;;;;;;0;0;0
;Ternium Argentina S.A.;Steel;;Industrial point source;Florencio Varela;Buenos Aires;-34.72722318;-58.18102379;Galvanized. electro zinced and prepainted ;;;;;;;;;;;;;;0;0;0
;Ternium Argentina S.A.;Steel;;Industrial point source;Rosario;Santa Fe;-32.88917097;-60.70918231;Seam pipes;;;;;;;;;;;;;;0;0;0
Planta siderúrgica TenarisSiderca;Ternaris S.A. / Siderca S.A.I.C.;Steel;650000.00;Industrial point source;Campana;Buenos Aires;-34.152554;-58.977388;Seamless pipes ;1.300.000;;54%;Electric Arc Furnace (EAF);2021;https://climatetrace.org/map/argentina-manufacturing-co2;0.5;;;;;https://www.gem.wiki/Planta_sider%C3%BArgica_TenarisSiderca;;409.062;94.412;898
;Ternaris S.A. / Siderca S.A.I.C.;Steel;;Industrial point source;Valentin Alsina;Buenos Aires;-34.66288154;-58.40681255;Seam pipes ;;;;;;;;;;;;;;0;0;0
;Ternaris S.A. / Siderca S.A.I.C.;Steel;;Industrial point source;Villa Constitución;Santa Fe;-33.23981167;-60.31761739;Seam pipes ;;;;;;;;;;;;;;0;0;0
;Ternaris S.A. / Siderca S.A.I.C.;Steel;;Industrial point source;Villa Mercedes;San Luis;-34.69235624;-58.54186997;Sucker rods and accesories ;;;;;;;;;;;;;;0;0;0
Planta siderúrgia ArcelorMittal Acindar;Acindar Industria Argentina de Aceros S.A.;Steel;1015000.00;Industrial point source;Villa Constitución;Santa Fe;-33.256309;-60.292472;Billets. rolled non-flat products ;1.750.000;;63%;Electric Arc Furnace (EAF);2021;https://climatetrace.org/map/argentina-manufacturing-co2;0.58;;;;;https://www.gem.wiki/Planta_sider%C3%BArgica_ArcelorMittal_Acindar;;638.767;147.427;1.402
;Acindar Industria Argentina de Aceros S.A.;Steel;;Industrial point source;Rosario;Santa Fe;-32.97077123;-60.72206377;Billets. rolled non-flat products ;;;;;;;;;;;;;;0;0;0
;Acindar Industria Argentina de Aceros S.A.;Steel;;Industrial point source;La Tablada;Buenos Aires;;;Billets. rolled non-flat products ;;;;;;;;;;;;;;0;0;0
;Acindar Industria Argentina de Aceros S.A.;Steel;;Industrial point source;San Nicolas;Buenos Aires;-33.34700797;-60.25863236;Billets. rolled non-flat products ;;;;;;;;;;;;;;0;0;0
;Acindar Industria Argentina de Aceros S.A.;Steel;;Industrial point source;Villa Mercedes;San Luis;-33.72087734;-65.46444205;Billets. rolled non-flat products ;;;;;;;;;;;;;;0;0;0
Planta Siderurgica ACERBRAG;Acerbrag S.A. (grupo brasileño Votorantim);Steel;;Industrial point source;Bragado;Buenos Aires;-35.13711789;-60.4520892;Rolled non-flat products ;250.000;;;Electric Arc Furnace (EAF);;;;;;;;;;0;0;0
Aceros Zapla;Aceros Zapla S.A.;Steel;;Industrial point source;Palpalá;Jujuy;-24.2460988;-65.19816083;Billets. rolled non-flat products ;80.000;;;Electric Arc Furnace (EAF);;;;;;;;http://www.aceroszapla.com.ar/empresa.php;;0;0;0
Planta siderúrgica Gerdau Sipar Pérez;Gerdau SA;Steel;103031.00;Industrial point source;Pérez;Santa Fe;-32.9912336;-60.7588733;Rolled non-flat products ;650.000;;21%;Electric Arc Furnace (EAF);2021;https://climatetrace.org/map/argentina-manufacturing-co2;0.17746;;;;;https://www.gem.wiki/Planta_sider%C3%BArgica_Gerdau_Sipar_P%C3%A9rez;;64.840;14.965;142
ALUAR SA - GENERADOR;Aluar;Thermal power plant;210445.00;Industrial point source;Puerto Madryn;Chubut;-42.7438848;-65.04839927;Electrical energy;189;;;;2021;CAMMESA;1.95;409.248;108.021;;;;;132.439;30.567;291
ARCOR MARIO SEVESO ARROYITO;;Thermal power plant;93267.00;Industrial point source;;Córdoba;-31.4205551;-63.03885915;;;;;;2021;CAMMESA;1.95;130.861;47.874;;;;;58.695;13.547;129
C. TERMICAS MENDOZA PLUS;;Thermal power plant;788702.00;Industrial point source;;Mendoza;-33.02787784;-68.89874272;;288;;;;2021;CAMMESA;1.95;2.013.663;404.837;;;;;496.351;114.558;1.090
C. TERMICAS MENDOZA SA;;Thermal power plant;297745.00;Industrial point source;;Mendoza;;;;204;;;;2021;CAMMESA;2.10;392.428;145.157;;;;;187.379;43.247;411
C.COSTA ATLANTICA;;Thermal power plant;509899.00;Industrial point source;;Buenos Aires;-36.30875528;-56.63689546;;456;;;;2021;CAMMESA;2.35;565.045;212.680;;;;;320.893;74.062;705
C.T. AES PARANA;;Thermal power plant;1717893.00;Industrial point source;;Buenos Aires;-32.97092569;-60.1538909;;870;;;;2021;CAMMESA;2.24;4.138.259;825.465;;;;;1.081.116;249.522;2.374
C.T. AGUA DEL CAJON;;Thermal power plant;1108638.00;Industrial point source;Neuquén;Neuquén;-38.93531878;-68.35746075;Electrical energy;184;;;;2021;CAMMESA;1.95;2.355.486;569.059;;;;;697.695;161.028;1.532
C.T. ALMIRANTE BROWN;Excell Power S.R.L.;Thermal power plant;7094.00;Industrial point source;Burazco;Buenos Aires;-34.83766034;-58.40568505;Electrical energy;25;;;;2021;CAMMESA;2.70;9.498;2.630;;;;;4.464;1.030;10
C.T. LOMA DE LA LATA S.A.;C.T. LOMA DE LA LATA S.A.;Thermal power plant;1779653.00;Industrial point source;Neuquén;Neuquén;-38.51178974;-68.60637825;Electrical energy;675;;;;2021;CAMMESA;1.95;4.189.027;913.488;;;;;1.119.983;258.492;2.459
C.T. PATAGONICAS SA;CENTRALES TERMICAS PATAGONICAS S.A.;Thermal power plant;27712.00;Industrial point source;Comodoro Rivadavia;Chubut;-45.81390612;-67.44427712;Electrical energy;160;;;;2021;CAMMESA;1.95;29.015;14.225;;;;;17.440;4.025;38
C.T. SALTA (TERMOANDES);AES;Thermal power plant;1004183.00;Industrial point source;Cobos;Salta;-24.74271171;-65.05151496;Electrical energy;643;;;;2021;CAMMESA;1.95;2.667.147;515.442;;;;;631.959;145.856;1.388
C.TERMICA ALTO VALLE;;Thermal power plant;198282.00;Industrial point source;Neuquén;Neuquén;-38.95161594;-68.02174487;Electrical energy;96;;;;2021;CAMMESA;1.95;344.762;101.777;;;;;124.784;28.800;274
C.TERMICA GUEMES S.A.;;Thermal power plant;139062.00;Industrial point source;;Salta;-24.75718674;-65.34767737;;261;;;;2021;CAMMESA;1.95;230.635;71.380;;;;;87.515;20.199;192
C.TERMICA SAN NICOLAS;AES;Thermal power plant;2158549.00;Industrial point source;San Nicolás de Los Arroyos;Buenos Aires;-33.35809074;-60.17476179;Electrical energy;675;;;;2021;CAMMESA;2.38;1.822.963;918.096;;;;;1.358.432;313.526;2.983
C.TERMICA SORRENTO;;Thermal power plant;20821.00;Industrial point source;;Santa Fe;-32.90624373;-60.68192663;;217;;;;2021;CAMMESA;2.36;22.522;6.899;;;;;13.103;3.024;29
CAPEX S.A. AUTOGENERADOR;;Thermal power plant;1075683.00;Industrial point source;;Neuquén;-38.93576108;-68.35797573;;477;;;;2021;CAMMESA;1.95;2.218.394;552.143;;;;;676.956;156.241;1.486
CENTRAL DIQUE S.A.;CENTRAL DIQUE S.A.;Thermal power plant;478.00;Industrial point source;Ensenada;Buenos Aires;-34.88987358;-57.93335436;Electrical energy;55;;;;2021;CAMMESA;1.95;462;246;;;;;301;69;1
CENTRAL DOCK SUD;Central Dock Sud;Thermal power plant;2101890.00;Industrial point source;Dock Sud;Buenos Aires;-34.65327861;-58.34352059;Electrical energy;870;;;;2021;CAMMESA;2.11;5.377.675;1.055.251;;;;;1.322.775;305.297;2.904
CENTRAL PIEDRA BUENA S.A.;Pampa Energía;Thermal power plant;243763.00;Industrial point source;Ingeniero White;Buenos Aires;-38.78482523;-62.25607271;Electrical energy;;;;;2021;CAMMESA;2.41;311.536;88.615;;natural gas or fuel oil;;;153.407;35.406;337
CENTRAL PUERTO SA;Central Puerto S.A.;Thermal power plant;3481800.00;Industrial point source;Luján de Cuyo;Mendoza;-33.05433167;-68.98071723;Electrical energy;1.777;;;;2021;CAMMESA;2.42;6.562.913;1.458.106;;;;;2.191.189;505.727;4.811
CENTRAL TÉRMICA LOMITA AUTOG.;;Thermal power plant;59300.00;Industrial point source;;Neuquén;;;;;;;;2021;CAMMESA;1.95;152.400;30.438;;;;;37.319;8.613;82
CENTRAL TERMICA PIQUIRENDA;Pampa Energía;Thermal power plant;25963.00;Industrial point source;Piquirenda;Salta;-22.35004604;-63.76700533;Electrical energy;30;;;;2021;CAMMESA;1.95;52.730;13.326;;natural gas;;;16.339;3.771;36
COOP. MNO. MORENO BS. AS.GENER;;Thermal power plant;668.00;Industrial point source;;Buenos Aires;;;;7;;;;2021;CAMMESA;2.70;888;248;;;;;420;97;1
CT 9 de JULIO C Cost ATLANTICA;Centrales de la Costa Atlántica S.A.;Thermal power plant;221258.00;Industrial point source;Mar del Plata;Buenos Aires;-38.04949391;-57.54553583;Electrical energy;95;;;;2021;CAMMESA;2.25;369.325;105.531;;;;;139.244;32.137;306
CT ACONCAGUA ENERGÍA AUTOGENER;;Thermal power plant;17.00;Industrial point source;;Mendoza;;;;;;;;2021;CAMMESA;1.95;23;9;;;;;11;2;0
CT ALEM - AGGREKO;;Thermal power plant;35577.00;Industrial point source;;Misiones;-27.55844357;-55.28616792;;15;;;;2021;CAMMESA;2.70;50.020;13.191;;;;;22.390;5.168;49
CT ANCHORIS - METHAX;EMESA;Thermal power plant;50825.00;Industrial point source;Tupungato;Mendoza;-33.3133564;-68.89151146;Electrical energy;40;;;;2021;CAMMESA;1.95;110.121;26.088;;natural gas;;;31.986;7.382;70
CT AÑATUYA - SULLAIR;;Thermal power plant;11557.00;Industrial point source;Añatuya;Santiago del Estero;-28.44584131;-62.85560319;Electrical energy;19;;;;2021;CAMMESA;2.70;16.691;4.285;;;;;7.273;1.679;16
CT AÑATUYA II - SULLAIR;;Thermal power plant;4840.00;Industrial point source;Añatuya;Santiago del Estero;-28.44584131;-62.85560319;Electrical energy;12;;;;2021;CAMMESA;2.70;6.736;1.794;;;;;3.046;703;7
CT ARISTOBU.DEL VALLE-SOENERGY;;Thermal power plant;24495.00;Industrial point source;Aristóbulo del Valle;Misiones;-27.09123769;-54.86344241;Electrical energy;15;;;;2021;CAMMESA;2.70;34.282;9.082;;;;;15.415;3.558;34
CT ARRECIFES-AGGREKO;;Thermal power plant;8081.00;Industrial point source;;Buenos Aires;;;;20;;;;2021;CAMMESA;2.70;10.529;2.996;;;;;5.086;1.174;11
CT BANDERA SgoEstero - ENARSA;;Thermal power plant;4539.00;Industrial point source;;Santiago del Estero;-27.79292098;-62.15515275;;33;;;;2021;CAMMESA;2.70;5.626;1.683;;;;;2.857;659;6
CT BARILOCHE;;Thermal power plant;1392.00;Industrial point source;;Río Negro;-41.0854318;-71.35591366;;20;;;;2021;CAMMESA;2.70;2.004;516;;;;;876;202;2
CT BARKER CIERRE CC;;Thermal power plant;636102.00;Industrial point source;Benito Juárez;Buenos Aires;-37.54858826;-59.4506657;Electrical energy;106;;;;2021;CAMMESA;2.23;1.499.099;308.184;;;;;400.316;92.393;879
CT BARRAGAN - ENARSA;ENARSA;Thermal power plant;319657.00;Industrial point source;Ensenada;Buenos Aires;-34.85965751;-57.95577403;Electrical energy;567;;;;2021;CAMMESA;2.27;545.648;153.089;;;;;201.169;46.430;442
CT BARRANQUERAS Chaco;;Thermal power plant;3373.00;Industrial point source;;Chaco;-27.48591444;-58.93260519;;22;;;;2021;CAMMESA;2.70;4.679;1.251;;;;;2.123;490;5
CT BELL VILLE - SULLAIR;SULLAIR ARGENTINA S.A.;Thermal power plant;6459.00;Industrial point source;Bell Ville;Córdoba;-32.61039562;-62.68583225;Electrical energy;16;;;;2021;CAMMESA;2.70;9.090;2.395;;;;;4.065;938;9
CT BRACHO CIERRE CC- Y-GEN S.A;;Thermal power plant;1242878.00;Industrial point source;;Tucumán;-26.99529044;-65.17017867;;199;;;;2021;CAMMESA;1.95;3.385.914;637.964;;;;;782.176;180.526;1.717
CT BRAGADO - EMGASUD;;Thermal power plant;7559.00;Industrial point source;;Buenos Aires;-34.81288221;-60.40005;;;;;;2021;CAMMESA;2.14;12.869;3.835;;;;;4.757;1.098;10
CT BRAGADO 2 - GENNEIA;Genneia;Thermal power plant;79138.00;Industrial point source;Bragado;Buenos Aires;-35.13651396;-60.43241426;Electrical energy;59;;;;2021;CAMMESA;2.25;128.764;38.958;;;;;49.804;11.495;109
CT BRAGADO 3 - GENNEIA;Genneia;Thermal power plant;92453.00;Industrial point source;Bragado;Buenos Aires;-35.13651396;-60.43241426;Electrical energy;61;;;;2021;CAMMESA;2.22;147.631;44.387;;;;;58.183;13.429;128
CT BRIGADIER LOPEZ;Central Puerto S.A.;Thermal power plant;64572.00;Industrial point source;Santa Fe;Santa Fe;-31.71284154;-60.77930021;Electrical energy;280;;;;2021;CAMMESA;2.32;93.216;26.508;;;;;40.637;9.379;89
CT CAIMANCITO -SULLAIR;;Thermal power plant;62571.00;Industrial point source;Libertador Gral San Martín;Jujuy;-23.73226891;-64.61399317;Electrical energy;91;;;;2021;CAMMESA;1.95;137.124;32.117;;;;;39.378;9.088;86
CT CAÑADA DE GOMEZ - SECCO;Secco;Thermal power plant;105744.00;Industrial point source;Cañada de Gómez;Santa Fe;-32.78187222;-61.41843352;Electrical energy;67;;;;2021;CAMMESA;2.67;169.317;34.868;;;;;66.548;15.359;146
CT CAPITAN SARMIENTO - SECCO;Secco;Thermal power plant;10205.00;Industrial point source;;Buenos Aires;-34.16216899;-59.79574076;;5;;;;2021;CAMMESA;2.70;13.840;3.783;;;;;6.422;1.482;14
CT CASTELLI - AGGREKO;;Thermal power plant;9440.00;Industrial point source;;Chaco;-25.94900872;-60.61986966;;15;;;;2021;CAMMESA;2.70;13.195;3.500;;;;;5.941;1.371;13
CT CATAMARCA - SECCO;;Thermal power plant;10013.00;Industrial point source;;Catamarca;-28.4208082;-65.78776983;;19;;;;2021;CAMMESA;2.70;13.860;3.712;;;;;6.301;1.454;14
CT CERES - SECCO;;Thermal power plant;3924.00;Industrial point source;;Santa Fe;-29.87387756;-61.92317816;;18;;;;2021;CAMMESA;2.70;5.516;1.455;;;;;2.469;570;5
CT CHARATA - SULLAIR;;Thermal power plant;7334.00;Industrial point source;;Chaco;-27.20868003;-61.18225793;;20;;;;2021;CAMMESA;2.70;10.516;2.719;;;;;4.615;1.065;10
CT CHILECITO - SECCO;Secco;Thermal power plant;4810.00;Industrial point source;Chilecito;La Rioja;-29.15733701;-67.50746666;Electrical energy;10;;;;2021;CAMMESA;2.70;6.498;1.783;;;;;3.027;699;7
CT CIPOLLETI - AGGREKO;;Thermal power plant;501.00;Industrial point source;;Río Negro;-38.86486771;-68.03632495;;5;;;;2021;CAMMESA;2.70;703;186;;;;;315;73;1
CT COLON BS.AS - SULLAIR;;Thermal power plant;5222.00;Industrial point source;Colón;Buenos Aires;-33.73201213;-61.09709894;Electrical energy;15;;;;2021;CAMMESA;2.70;7.241;1.936;;;;;3.286;758;7
CT CORRIENTES - AGGREKO;;Thermal power plant;7204.00;Industrial point source;;Corrientes;-27.4710135;-58.80297303;;20;;;;2021;CAMMESA;2.70;9.820;2.671;;;;;4.534;1.046;10
CT EZEIZA ETAPA1 G MEDITERRANE;;Thermal power plant;56618.00;Industrial point source;Carlos Spegazzini;Buenos Aires;-34.90274362;-58.61692333;Electrical energy;102;;;;2021;CAMMESA;2.20;100.214;28.164;;;;;35.631;8.224;78
CT EZEIZA ETAPA2 G MEDITERRANE;;Thermal power plant;32456.00;Industrial point source;Carlos Spegazzini;Buenos Aires;-34.90274362;-58.61692333;Electrical energy;50;;;;2021;CAMMESA;2.20;58.029;16.180;;;;;20.425;4.714;45
CT FORMOSA - APR ENERGY;;Thermal power plant;5006.00;Industrial point source;;Formosa;-26.17579564;-58.20978419;;30;;;;2021;CAMMESA;2.70;6.438;1.856;;;;;3.150;727;7
CT GENERAL ROJO CIERRE CC;;Thermal power plant;619957.00;Industrial point source;San Nicolás de Los Arroyos;Buenos Aires;-33.45541478;-60.28090222;Electrical energy;108;;;;2021;CAMMESA;2.31;1.345.916;283.047;;;;;390.155;90.048;857
CT GOYA - SECCO;;Thermal power plant;4754.00;Industrial point source;Goya;Corrientes;-29.15821641;-59.27345715;Electrical energy;13;;;;2021;CAMMESA;2.70;6.507;1.763;;;;;2.992;691;7
CT GRAL. VILLEGAS - AGGREKO;;Thermal power plant;14209.00;Industrial point source;;Buenos Aires;-35.0345172;-62.99797308;;24;;;;2021;CAMMESA;2.70;19.593;5.268;;;;;8.942;2.064;20
CT INDEPEND. ETAPA1 G MEDITERR;Grupo Albanesi;Thermal power plant;10088.00;Industrial point source;San Miguel de Tucumán;Tucumán;-26.866966;-65.22182861;Electrical energy;50;;;;2021;CAMMESA;2.24;15.988;4.546;;;;;6.349;1.465;14
CT INDEPEND. ETAPA2 G MEDITERR;Grupo Albanesi;Thermal power plant;9463.00;Industrial point source;San Miguel de Tucumán;Tucumán;-26.866966;-65.22182861;Electrical energy;49;;;;2021;CAMMESA;2.24;15.214;4.308;;;;;5.955;1.374;13
CT ING JUAREZ - SECCO;;Thermal power plant;2692.00;Industrial point source;Ingeniero Juárez;Formosa;-23.90901687;-61.83150245;Electrical energy;4;;;;2021;CAMMESA;2.70;3.655;998;;;;;1.694;391;4
CT INTA CATAMARCA - SECCO;;Thermal power plant;3559.00;Industrial point source;;Catamarca;;;;7;;;;2021;CAMMESA;2.70;4.967;1.320;;;;;2.240;517;5
CT ISLA VERDE - AGGREKO;;Thermal power plant;7670.00;Industrial point source;;Córdoba;-33.24178127;-62.39381422;;25;;;;2021;CAMMESA;2.70;10.449;2.844;;;;;4.827;1.114;11
CT ITATI - TURBODISEL;;Thermal power plant;1498.00;Industrial point source;;Corrientes;-27.31887856;-58.23844011;;7;;;;2021;CAMMESA;2.70;2.091;555;;;;;943;218;2
CT JUNIN;;Thermal power plant;14479.00;Industrial point source;;Buenos Aires;-34.55914506;-60.92796994;;22;;;;2021;CAMMESA;2.70;20.542;5.368;;;;;9.112;2.103;20
CT LA PAZ Entre Rios - ENARSA;;Thermal power plant;2674.00;Industrial point source;;Entre Ríos;-30.74961413;-59.60149196;;11;;;;2021;CAMMESA;2.70;3.634;991;;;;;1.683;388;4
CT LA PLATA - SULLAIR;;Thermal power plant;14048.00;Industrial point source;San Carlos;Buenos Aires;-34.9338664;-58.01640058;Electrical energy;40;;;;2021;CAMMESA;2.70;19.966;5.208;;;;;8.841;2.040;19
CT LA RIOJA - SECCO;;Thermal power plant;7688.00;Industrial point source;;La Rioja;-29.35906756;-66.83395555;;19;;;;2021;CAMMESA;2.70;10.750;2.850;;;;;4.838;1.117;11
CT LA RIOJA SUR- SECCO;;Thermal power plant;3506.00;Industrial point source;;La Rioja;-29.42128793;-66.82983567;;10;;;;2021;CAMMESA;2.70;4.956;1.300;;;;;2.206;509;5
CT LAGUNA BLANCA - SECCO;;Thermal power plant;4457.00;Industrial point source;Laguna Blanca;Formosa;-25.12695055;-58.25915073;Electrical energy;7;;;;2021;CAMMESA;2.70;6.052;1.652;;;;;2.805;647;6
CT LAS ARMAS II - EMGASUD;;Thermal power plant;606.00;Industrial point source;;Buenos Aires;-37.07639032;-57.81773168;;;;;;2021;CAMMESA;1.95;964;311;;;;;381;88;1
CT LAS PALMAS 2 - ARAUCARIA;;Thermal power plant;100667.00;Industrial point source;;Buenos Aires;-34.07978591;-59.12506332;;212;;;;2021;CAMMESA;2.27;166.580;47.528;;;;;63.352;14.622;139
CT LAS PALMAS -TURBODISEL;;Thermal power plant;543.00;Industrial point source;;Chaco;-27.03271109;-58.70358987;;7;;;;2021;CAMMESA;2.70;701;201;;;;;342;79;1
CT LIBERTADOR GSM - SULLAIR;;Thermal power plant;3331.00;Industrial point source;;Jujuy;-23.73223944;-64.61405755;;15;;;;2021;CAMMESA;2.70;4.567;1.235;;;;;2.096;484;5
CT LINCOLN;;Thermal power plant;5898.00;Industrial point source;Lincoln;Buenos Aires;-34.85716731;-61.52070383;Electrical energy;15;;;;2021;CAMMESA;2.70;8.336;2.187;;;;;3.712;857;8
CT LOBOS BS.AS - SULLAIR;;Thermal power plant;23328.00;Industrial point source;;Buenos Aires;-35.18956801;-59.07850788;;20;;;;2021;CAMMESA;2.70;32.079;8.649;;;;;14.681;3.388;32
CT LOMA CAMPANA 1 -YPF;;Thermal power plant;93992.00;Industrial point source;;Neuquén;-37.92686761;-68.71536317;;105;;;;2021;CAMMESA;1.95;200.046;48.246;;;;;59.152;13.652;130
CT LOMA CAMPANA 2 -Y-GEN ELECT;;Thermal power plant;164946.00;Industrial point source;;Neuquén;-37.92686761;-68.71536317;;107;;;;2021;CAMMESA;1.95;346.985;84.666;;;;;103.805;23.958;228
CT LOMA DE LA LATA II(NEUQUEN);;Thermal power plant;228867.00;Industrial point source;;Neuquén;-38.51180658;-68.6063997;;105;;;;2021;CAMMESA;1.95;492.685;117.477;;;;;144.032;33.243;316
CT LUJAN II - ARAUCARIA ENERGY;;Thermal power plant;68363.00;Industrial point source;;Buenos Aires;-34.55594176;-59.03483213;;127;;;;2021;CAMMESA;2.01;141.117;35.048;;;;;43.023;9.930;94
CT MAGDALENA - APR ENERGY;;Thermal power plant;4433.00;Industrial point source;;Buenos Aires;-35.100081;-57.483894;;25;;;;2021;CAMMESA;2.70;5.861;1.644;;;;;2.790;644;6
CT MATHEU II - APR ENERGY;;Thermal power plant;1875.00;Industrial point source;;Buenos Aires;-34.39580865;-58.83489199;;229;;;;2021;CAMMESA;1.95;3.070;962;;;;;1.180;272;3
CT MIRAMAR I - ENERGYST;;Thermal power plant;23587.00;Industrial point source;;Buenos Aires;-38.24736618;-57.82379749;;20;;;;2021;CAMMESA;2.70;33.150;8.745;;;;;14.844;3.426;33
CT ORAN - SECCO;;Thermal power plant;3717.00;Industrial point source;;Salta;-23.1386542;-64.31143463;;15;;;;2021;CAMMESA;2.70;5.161;1.378;;;;;2.339;540;5
CT PARQUE INDUSTR.CATAM-SECCO;;Thermal power plant;8843.00;Industrial point source;;Catamarca;-28.52995995;-65.80098711;;15;;;;2021;CAMMESA;2.70;12.452;3.279;;;;;5.565;1.284;12
CT PASO LA PATRIA-TURBODISEL;;Thermal power plant;1189.00;Industrial point source;;Corrientes;-27.32287605;-58.56667495;;7;;;;2021;CAMMESA;2.70;1.658;441;;;;;748;173;2
CT PEREZ - SECCO;;Thermal power plant;109776.00;Industrial point source;;Santa Fe;-33.01941125;-60.82494636;;81;;;;2021;CAMMESA;2.65;174.695;36.542;;;;;69.085;15.945;152
CT PIEDRABUENA MG(L.LATA);;Thermal power plant;173945.00;Industrial point source;;Buenos Aires;-38.03244943;-62.3371078;;100;;;;2021;CAMMESA;2.61;300.504;65.659;;;;;109.468;25.265;240
CT PILAR - EPEC;;Thermal power plant;1055603.00;Industrial point source;;Córdoba;-31.66577634;-63.83191433;;466;;;;2021;CAMMESA;2.25;2.334.319;509.621;;;;;664.319;153.325;1.459
CT PILAR BS AS- PAMPA ENERGÍA;;Thermal power plant;187528.00;Industrial point source;;Buenos Aires;-34.2986356;-58.95101224;;100;;;;2021;CAMMESA;2.62;299.260;62.796;;;;;118.016;27.238;259
CT PIRANE - SULLAIR;;Thermal power plant;10675.00;Industrial point source;;Formosa;-25.67861;-59.07556;;16;;;;2021;CAMMESA;2.70;14.583;3.958;;;;;6.718;1.551;15
CT PRESIDENCIA ROCA;;Thermal power plant;1276.00;Industrial point source;;Chaco;-26.15352072;-59.60000813;;6;;;;2021;CAMMESA;2.70;1.712;473;;;;;803;185;2
CT RAFAELA - SECCO;;Thermal power plant;7300.00;Industrial point source;;Santa Fe;-31.25667;-61.52028;;19;;;;2021;CAMMESA;2.70;10.246;2.707;;;;;4.594;1.060;10
CT REALICO - SECCO;;Thermal power plant;6721.00;Industrial point source;;La Pampa;-35.055000;-64.24056;;24;;;;2021;CAMMESA;2.70;9.378;2.492;;;;;4.230;976;9
CT RENOVA - ALBANESI ENERGIA;;Thermal power plant;457321.00;Industrial point source;;Santa Fe;-32.60348225;-60.79474192;;172;;;;2021;CAMMESA;2.17;1.027.889;229.327;;;;;287.804;66.425;632
CT RIO TERCERO II - SoENERGY;;Thermal power plant;30138.00;Industrial point source;;Córdoba;-32.16105961;-64.15478473;;60;;;;2021;CAMMESA;2.31;47.055;12.289;;;;;18.967;4.378;42
CT ROCA SA;;Thermal power plant;502028.00;Industrial point source;;Río Negro;-38.64532632;-67.6716524;;193;;;;2021;CAMMESA;2.14;1.150.910;255.982;;;;;315.940;72.919;694
CT RUFINO Sta Fe - ENARSA;;Thermal power plant;8965.00;Industrial point source;;Santa Fe;-34.28871794;-62.66959238;;32;;;;2021;CAMMESA;2.70;12.391;3.324;;;;;5.642;1.302;12
CT SAENZ PEÑA - APR ENERGY;;Thermal power plant;3654.00;Industrial point source;;Chaco;-26.81555556;-60.41138889;;20;;;;2021;CAMMESA;2.70;4.769;1.355;;;;;2.300;531;5
CT SAENZ PEÑA II- AGGREKO;;Thermal power plant;4626.00;Industrial point source;;Chaco;-26.81477999;-60.41267637;;15;;;;2021;CAMMESA;2.70;6.301;1.715;;;;;2.911;672;6
CT SALTO 2 - SoENERGY;;Thermal power plant;103648.00;Industrial point source;;Buenos Aires;-34.20426055;-60.24871635;;63;;;;2021;CAMMESA;2.31;160.695;45.391;;;;;65.228;15.055;143
CT SAN MARTIN Chaco;;Thermal power plant;1320.00;Industrial point source;;Chaco;-26.55845431;-59.32413238;;15;;;;2021;CAMMESA;2.70;1.616;489;;;;;831;192;2
CT SAN PEDRO - CIERRE CC;;Thermal power plant;33804.00;Industrial point source;;Buenos Aires;-33.77667601;-59.72699232;;50;;;;2021;CAMMESA;1.95;62.581;17.351;;;;;21.274;4.910;47
CT SAN PEDRO - SPI ENERGY SA;;Thermal power plant;46087.00;Industrial point source;;Buenos Aires;-33.77822014;-59.72715283;;108;;;;2021;CAMMESA;2.27;75.572;21.399;;;;;29.004;6.694;64
CT SAN SALVADOR E.Rios -ENARSA;;Thermal power plant;1815.00;Industrial point source;;Entre Ríos;-31.60970051;-58.48874915;;11;;;;2021;CAMMESA;2.70;2.521;673;;;;;1.142;264;3
CT SAN VICENTE BsAs - ENARSA;;Thermal power plant;4595.00;Industrial point source;;Buenos Aires;-35.04344836;-58.32534848;;28;;;;2021;CAMMESA;2.70;5.674;1.704;;;;;2.892;667;6
CT SANTA ROSA -TURBODISEL;;Thermal power plant;1988.00;Industrial point source;;Corrientes;-28.26247793;-58.12262641;;7;;;;2021;CAMMESA;2.70;2.620;737;;;;;1.251;289;3
CT TEREVINTOS - SECCO;;Thermal power plant;2652.00;Industrial point source;;Catamarca;-28.42876224;-65.78746942;;8;;;;2021;CAMMESA;2.70;3.544;983;;;;;1.669;385;4
CT TINOGASTA - SULLAIR;;Thermal power plant;4169.00;Industrial point source;;Catamarca;-28.04904452;-67.56608993;;15;;;;2021;CAMMESA;2.70;5.665;1.546;;;;;2.624;606;6
CT VENADO TUERTO - SECCO;;Thermal power plant;7617.00;Industrial point source;;Santa Fe;-33.75246685;-61.99327364;;19;;;;2021;CAMMESA;2.70;10.683;2.824;;;;;4.794;1.106;11
CT VIALE - AGGREKO;;Thermal power plant;4529.00;Industrial point source;;Entre Ríos;-31.89194;-60.01056;;10;;;;2021;CAMMESA;2.70;6.436;1.679;;;;;2.850;658;6
CT VILLA ANGELA - AGGREKO;;Thermal power plant;4977.00;Industrial point source;;Chaco;-27.60214589;-60.74649601;;15;;;;2021;CAMMESA;2.70;6.972;1.845;;;;;3.132;723;7
CT VILLA GESELL-CATLANT.;;Thermal power plant;333196.00;Industrial point source;;Buenos Aires;-37.24848426;-56.99724588;;80;;;;2021;CAMMESA;2.17;517.298;162.972;;;;;209.689;48.396;460
CT VILLA MARIA CIERRE CC-UENSA;;Thermal power plant;630749.00;Industrial point source;;Córdoba;-32.42693676;-63.17188574;;105;;;;2021;CAMMESA;2.32;1.388.995;290.222;;;;;396.947;91.615;872
CT VILLA OCAMPO - SECCO;;Thermal power plant;32945.00;Industrial point source;;Santa Fe;-28.51609309;-59.34577171;;50;;;;2021;CAMMESA;2.93;49.933;10.566;;;;;20.733;4.785;46
CT VUELTA DE OBLIGADO;;Thermal power plant;1829953.00;Industrial point source;;Santa Fe;-32.48882628;-60.79097087;;847;;;;2021;CAMMESA;2.31;4.250.341;836.664;;;;;1.151.638;265.798;2.529
CT ZAPPALORTO - APR ENERGY;;Thermal power plant;15249.00;Industrial point source;;Buenos Aires;-34.71869221;-58.73797554;;109;;;;2021;CAMMESA;2.15;22.324;6.878;;;;;9.597;2.215;21
EDECAT GENERACION;;Thermal power plant;397.00;Industrial point source;;Catamarca;-28.19232818;-65.11339956;;5;;;;2021;CAMMESA;2.70;527;147;;;;;250;58;1
EDELAR GENERACION;;Thermal power plant;18733.00;Industrial point source;;La Rioja;;;;19;;;;2021;CAMMESA;2.70;24.364;6.945;;;;;11.789;2.721;26
EDEN GENERACION;;Thermal power plant;1627.00;Industrial point source;;Buenos Aires;-34.05179982;-58.92965791;;28;;;;2021;CAMMESA;2.70;2.289;603;;;;;1.024;236;2
ELECTROPATAGONIA-C.RIV-C.COMB.;;Thermal power plant;15137.00;Industrial point source;;Chubut;-45.79136316;-67.52324552;;63;;;;2021;CAMMESA;1.95;16.175;7.770;;;;;9.526;2.199;21
EMP.DIS.S.ESTERO GENERACION;;Thermal power plant;4901.00;Industrial point source;;Santiago del Estero;;;;6;;;;2021;CAMMESA;2.70;6.582;1.817;;;;;3.084;712;7
EMSA GENERACION;;Thermal power plant;10472.00;Industrial point source;;Misiones;;;;33;;;;2021;CAMMESA;2.70;13.965;3.882;;;;;6.590;1.521;14
ENDESA COSTANERA SA;;Thermal power plant;2518331.00;Industrial point source;;Buenos Aires;-34.62334842;-58.34179385;;2.304;;;;2021;CAMMESA;2.26;5.724.889;1.247.224;;;;;1.584.853;365.784;3.480
ENERGIA DEL SUR S.A.;;Thermal power plant;226761.00;Industrial point source;;Chubut;-45.79337549;-67.51392216;;125;;;;2021;CAMMESA;1.95;439.211;116.395;;;;;142.707;32.937;313
EPEC GENERACION;;Thermal power plant;15814.00;Industrial point source;;Córdoba;;;;275;;;;2021;CAMMESA;2.18;14.381;7.372;;;;;9.952;2.297;22
GEN.MEDITERRANEA (CONT.PLUS);;Thermal power plant;36744.00;Industrial point source;;Córdoba;-33.15913174;-64.36424725;;120;;;;2021;CAMMESA;2.20;60.177;18.263;;;;;23.124;5.337;51
GEN.MEDITERRANEA GRUPO 5;;Thermal power plant;27675.00;Industrial point source;;Córdoba;-33.15913174;-64.36424725;;60;;;;2021;CAMMESA;2.20;46.103;13.806;;;;;17.417;4.020;38
GENELBA - PETROBRAS;;Thermal power plant;1898589.00;Industrial point source;;Buenos Aires;-34.9038311;-58.73254676;;684;;;;2021;CAMMESA;1.95;4.975.073;974.537;;;;;1.194.833;275.767;2.623
GENELBA - RES.287;;Thermal power plant;1396334.00;Industrial point source;;Buenos Aires;-34.9038311;-58.73254676;;381;;;;2021;CAMMESA;1.95;3.618.613;716.732;;;;;878.750;202.816;1.929
GENERACION FRIAS S.A.;;Thermal power plant;15755.00;Industrial point source;;Santiago del Estero;-28.56386859;-65.12249001;;60;;;;2021;CAMMESA;2.27;25.683;6.950;;;;;9.915;2.288;22
GENERACION INDEPENDENCIA S.A.;;Thermal power plant;28961.00;Industrial point source;;Tucumán;-26.86672994;-65.22196012;;120;;;;2021;CAMMESA;2.27;41.546;12.845;;;;;18.226;4.207;40
GENERACION LA BANDA S.A.;;Thermal power plant;2514.00;Industrial point source;;Santiago del Estero;-27.7529612;-64.26512026;;26;;;;2021;CAMMESA;2.12;2.455;1.248;;;;;1.582;365;3
GENERACION MEDITERRANEA;;Thermal power plant;6470.00;Industrial point source;;Córdoba;-32.94821426;-64.37649144;;68;;;;2021;CAMMESA;2.20;9.010;2.663;;;;;4.072;940;9
GENERACION MEDITERRANEA 220;;Thermal power plant;31381.00;Industrial point source;;Córdoba;-32.94821426;-64.37649144;;95;;;;2021;CAMMESA;2.29;49.554;13.972;;;;;19.749;4.558;43
GENERACION RIOJANA SA;;Thermal power plant;13132.00;Industrial point source;;La Rioja;-29.38221469;-66.83430162;;88;;;;2021;CAMMESA;2.32;17.840;5.631;;;;;8.264;1.907;18
GENERADORA Córdoba S.A.;;Thermal power plant;1537.00;Industrial point source;;Córdoba;-32.13195934;-64.15615033;;26;;;;2021;CAMMESA;2.38;1.216;602;;;;;967;223;2
GENERADORA ELEC.Tucumán SA;;Thermal power plant;9198.00;Industrial point source;;Tucumán;-26.99427143;-65.16588094;;232;;;;2021;CAMMESA;1.95;13.382;4.722;;;;;5.789;1.336;13
HIDROTERMICA SAN JUAN;;Thermal power plant;6068.00;Industrial point source;;San Juan;-31.51232265;-68.53794739;;30;;;;2021;CAMMESA;2.15;5.565;2.943;;;;;3.819;881;8
LA PLATA COGENERACION SA;;Thermal power plant;339665.00;Industrial point source;;Buenos Aires;-34.88934876;-57.92261647;;128;;;;2021;CAMMESA;1.95;728.404;174.349;;;;;213.760;49.336;469
LEDESMA SAAI;;Thermal power plant;7544.00;Industrial point source;;Jujuy;-23.82178298;-64.78451309;;;;;;2021;CAMMESA;1.95;11.617;3.872;;;;;4.748;1.096;10
LUJAN DE CUYO COGENERAC.PUERTO;;Thermal power plant;265976.00;Industrial point source;;Mendoza;-33.05228875;-68.97986675;;95;;;;2021;CAMMESA;1.95;722.978;136.524;;;;;167.386;38.633;368
MOLINOS AGRO AG.(Ex.Mol Rio P);;Thermal power plant;222.00;Industrial point source;;Santa Fe;;;;;;;;2021;CAMMESA;1.95;669;114;;;;;140;32;0
MOTOGENERADORES COSTANERA;;Thermal power plant;47985.00;Industrial point source;;Buenos Aires;-34.62294757;-58.34179446;;36;;;;2021;CAMMESA;2.92;70.060;15.166;;;;;30.198;6.970;66
NIDERA SAFORCADA-Junin;;Thermal power plant;20.00;Industrial point source;;Buenos Aires;-34.58607819;-34.58607819;;;;;;2021;CAMMESA;1.95;12;11;;;;;13;3;0
PAMPA ENERGIA SA;;Thermal power plant;78724.00;Industrial point source;;Salta;-24.68842844;-65.04387511;;295;;;;2021;CAMMESA;1.95;161.618;40.409;;;;;49.543;11.435;109
REFINERIA LA PLATA AUTOG;;Thermal power plant;10998.00;Industrial point source;;Buenos Aires;-34.88980716;-57.92284166;;;;;;2021;CAMMESA;1.95;24.206;5.645;;;;;6.921;1.597;15
SHELL CAPSA PTA. DOCK SUD;;Thermal power plant;25501.00;Industrial point source;;Buenos Aires;-34.65330519;-58.34357618;;;;;;2021;CAMMESA;1.95;36.188;13.090;;;;;16.048;3.704;35
SIDERAR PTA. IND. SAN NICOLAS;;Thermal power plant;31.00;Industrial point source;;Buenos Aires;-33.35478022;-60.1730117;;;;;;2021;CAMMESA;1.95;48;16;;;;;20;5;0
SINOPEC Arg. - El Huemul;;Thermal power plant;29407.00;Industrial point source;;Santa Cruz;-49.33023006;-72.88361232;;;;;;2021;CAMMESA;1.95;58.538;15.095;;;;;18.507;4.271;41
SINOPEC Arg. - Meseta Espinosa;;Thermal power plant;13683.00;Industrial point source;;Santa Cruz;;;;;;;;2021;CAMMESA;1.95;28.222;7.024;;;;;8.611;1.987;19
SOLALBAN ENERGIA SA;;Thermal power plant;42405.00;Industrial point source;;Buenos Aires;-38.78541148;-62.25754249;;;;;;2021;CAMMESA;1.95;72.739;21.766;;;;;26.687;6.159;59
TERMINAL 6 COGENERACION PUERTO;;Thermal power plant;209988.00;Industrial point source;;Santa Fe;-32.66237097;-60.74916497;;380;;;;2021;CAMMESA;2.21;463.298;103.919;;;;;132.151;30.500;290
TERMOELE. JOSE SAN MARTIN S.A;;Thermal power plant;2045982.00;Industrial point source;;Santa Fe;-32.57020631;-60.79050355;;865;;;;2021;CAMMESA;2.30;4.913.414;929.849;;;;;1.287.591;297.176;2.827
TERMOELECTRICA GUILLERMO BROWN;;Thermal power plant;1021465.00;Industrial point source;;Buenos Aires;-38.68206102;-62.42135034;;583;;;;2021;CAMMESA;2.24;1.795.155;491.937;;;;;642.835;148.366;1.411
TERMOELECTRICA M.BELGRANO S.A.;;Thermal power plant;2150020.00;Industrial point source;;Buenos Aires;-34.14974236;-59.00582295;;873;;;;2021;CAMMESA;2.24;5.630.198;1.054.380;;;;;1.353.065;312.287;2.971
YAC.ENTRE LOMAS AUTOGENERADOR;;Thermal power plant;27680.00;Industrial point source;;Río Negro;-38.13400181;-68.00363319;;;;;;2021;CAMMESA;1.95;55.278;14.208;;;;;17.420;4.020;38
YPF Autogenerador Pza. Huincul;;Thermal power plant;161867.00;Industrial point source;;Neuquén;-38.92994561;-69.16904786;;;;;;2021;CAMMESA;1.95;229.589;83.085;;;;;101.867;23.511;224
YPF CT MANANTIALES BEHR II AG;;Thermal power plant;8767.00;Industrial point source;;Chubut;-45.63426933;-67.80866884;;;;;;2021;CAMMESA;1.95;20.377;4.500;;;;;5.517;1.273;12
YPF EL TREBOL CT MANANT. BEHR;;Thermal power plant;6.00;Industrial point source;;Chubut;-45.67203528;-67.75657658;;;;;;2021;CAMMESA;1.95;12;3;;;;;4;1;0
YPF ENERGÍA ELECTR.ex PLUSPETG;;Thermal power plant;1400041.00;Industrial point source;;Tucumán;;;;829;;;;2021;CAMMESA;1.95;3.271.615;718.635;;;;;881.083;203.354;1.934
YPF LA PLATA COGENERACION;;Thermal power plant;228277.00;Industrial point source;;Buenos Aires;-34.89017736;-57.92279843;;90;;;;2021;CAMMESA;2.14;592.649;116.355;;;;;143.661;33.157;315
YPF LOS PERALES AUTOG;;Thermal power plant;68352.00;Industrial point source;;Santa Cruz;-46.1958354;-69.26507537;;;;;;2021;CAMMESA;1.95;107.575;35.085;;;;;43.016;9.928;94
YPF YAC P.HERNANDEZ AUTOG;;Thermal power plant;26.00;Industrial point source;;Neuquén;-37.29578133;-69.06655773;;;;;;2021;CAMMESA;1.95;47;13;;;;;16;4;0
BIOGAS CT AVELLANEDA SECCO;;Biogas Power Plant;41391.00;Biogenic point source;;Santa Fe;-29.1177703;-59.64047481;Electrical energy;6.3;;;;2022;CAMMESA/Bio4;18;;;;;;;26.048;6.012;57
CENTRAL BIOELECTRICA R.CUARTO1;;Biogas Power Plant;13140.00;Biogenic point source;;Córdoba;-33.17984121;-64.3831869;Electrical energy;2.0;;;;2022;CAMMESA/Bio4;18;;;;;;;8.269;1.909;18
C.BIOELECT.R.CUARTO1 REN2;;Biogas Power Plant;10249.20;Biogenic point source;;Córdoba;-33.17824283;-64.37979659;Electrical energy;1.6;;;;2022;CAMMESA/Bio4;18;;;;;;;6.450;1.489;14
C.BIOELECT.R.CUARTO2 REN1;;Biogas Power Plant;7884.00;Biogenic point source;;Córdoba;-33.18287626;-64.38488206;Electrical energy;1.2;;;;2022;CAMMESA/Bio4;18;;;;;;;4.962;1.145;11
C.BIOELECT.R.CUARTO2 REN2;;Biogas Power Plant;7884.00;Biogenic point source;;Córdoba;-33.18400764;-64.38492497;Electrical energy;1.2;;;;2022;CAMMESA/Bio4;18;;;;;;;4.962;1.145;11
BIOGAS CTBG CITRUSVIL-ALCOVIL;;Biogas Power Plant;19710.00;Biogenic point source;;Tucumán;-26.84580608;-65.13499577;Electrical energy;3.0;;;;2022;CAMMESA/Bio4;18;;;;;;;12.404;2.863;27
BIOGAS RS CT ENSENADA SECCO;;Biogas Power Plant;34821.00;Biogenic point source;;Buenos Aires;-34.86081282;-57.96314619;Electrical energy;5.3;;;;2022;CAMMESA/Bio4;18;;;;;;;21.914;5.058;48
CTBG GENERAL ALVEAR;;Biogas Power Plant;6570.00;Biogenic point source;;Buenos Aires;-36.01532605;-60.10616456;Electrical energy;1.0;;;;2022;CAMMESA/Bio4;18;;;;;;;4.135;954;9
BIOGAS CTBG GIGENA I;;Biogas Power Plant;7884.00;Biogenic point source;;Córdoba;-32.78552086;-64.19518873;Electrical energy;1.2;;;;2022;CAMMESA/Bio4;18;;;;;;;4.962;1.145;11
BIOGAS CTBG JUSTO DARACT;;Biogas Power Plant;6570.00;Biogenic point source;;San Luis;-33.9234622;-65.15093963;Electrical energy;1.0;;;;2022;CAMMESA/Bio4;18;;;;;;;4.135;954;9
BIOGAS CTBG PACUCA BIO ENERGÍA;;Biogas Power Plant;6570.00;Biogenic point source;;Buenos Aires;-35.38242174;-59.44253713;Electrical energy;1.0;;;;2022;CAMMESA/Bio4;18;;;;;;;4.135;954;9
BIOGAS CTBG PERGAMINO;;Biogas Power Plant;15768.00;Biogenic point source;;Buenos Aires;-33.92388171;-60.53821415;Electrical energy;2.4;;;;2022;CAMMESA/Bio4;18;;;;;;;9.923;2.290;22
C.T.SAN MARTIN NORTE 3A;;Biogas Power Plant;33507.00;Biogenic point source;;Buenos Aires;-34.5315305;-58.6087694;Electrical energy;5.1;;;;2022;CAMMESA/Bio4;18;;;;;;;21.087;4.867;46
CT SAN MIGUEL NORTE III-ENARSA;;Biogas Power Plant;75555.00;Biogenic point source;;Buenos Aires;-34.52484812;-58.61664438;Electrical energy;11.5;;;;2022;CAMMESA/Bio4;18;;;;;;;47.549;10.974;104
ENERGIA AGRO S.A.U;;Biogas Power Plant;9296.55;Biogenic point source;;Santa Fe;-34.18229245;-62.05263989;Electrical energy;1.4;;;;2022;CAMMESA/Bio4;18;;;;;;;5.851;1.350;13
BIOGAS CTBG TIGONBU;;Biogas Power Plant;13140.00;Biogenic point source;;San Luis;-34.7468824;-65.24745477;Electrical energy;2.0;;;;2022;CAMMESA/Bio4;18;;;;;;;8.269;1.909;18
BIOGAS CTBG VILLA DEL ROS. CGY;;Biogas Power Plant;6570.00;Biogenic point source;;Córdoba;-31.57330076;-63.55084309;Electrical energy;1.0;;;;2022;CAMMESA/Bio4;18;;;;;;;4.135;954;9
BIOGAS CTBG VENADO TUERTO;;Biogas Power Plant;13797.00;Biogenic point source;;Santa Fe;-33.69118337;-62.04103717;Electrical energy;2.1;;;;2022;CAMMESA/Bio4;18;;;;;;;8.683;2.004;19
BIO ENERGÍA YANQUETRUZ S.A.;;Biogas Power Plant;9855.00;Biogenic point source;;San Luis;-33.3801343;-65.58307536;Electrical energy;1.5;;;;2022;CAMMESA/Bio4;18;;;;;;;6.202;1.431;14
BIOGAS CTBG ENRECO;;Biogas Power Plant;13140.00;Biogenic point source;;Córdoba;-33.416619031;-62.48488564;Electrical energy;2.0;;;;2022;CAMMESA/Bio4;18;;;;;;;8.269;1.909;18
CTBG BIO ENERGÍA YANQUETRUZ II;;Biogas Power Plant;5256.00;Biogenic point source;;San Luis;-33.37826423;-65.56900085;Electrical energy;0.8;;;;2022;CAMMESA/Bio4;18;;;;;;;3.308;763;7
CTBG BIO. SANTA CATALINA;;Biogas Power Plant;13140.00;Biogenic point source;;Córdoba;-33.17284854;-64.40235703;Electrical energy;2.0;;;;2022;CAMMESA/Bio4;18;;;;;;;8.269;1.909;18
BIOGAS CTBG AB ENERGÍA;;Biogas Power Plant;13140.00;Biogenic point source;;La Pampa;-37.7688202;-67.70917058;Electrical energy;2.0;;;;2022;CAMMESA/Bio4;18;;;;;;;8.269;1.909;18
CT BIOMASA MM BIOENERGÍA;;Biogas Power Plant;19710.00;Biogenic point source;;Misiones;-27.62976944;-55.43596538;Electrical energy;3.0;;;;2022;CAMMESA/Bio4;18;;;;;;;12.404;2.863;27
CTBRS SAN MARTÍN NORTE III-D;;Biogas Power Plant;33507.00;Biogenic point source;;Buenos Aires;-34.52028708;-58.62735174;Electrical energy;5.1;;;;2022;CAMMESA/Bio4;18;;;;;;;21.087;4.867;46
BIOGAS CTBG ARRE BEEF SA;;Biogas Power Plant;9855.00;Biogenic point source;;Buenos Aires;-33.76336033;-60.09148466;Electrical energy;1.5;;;;2022;CAMMESA/Bio4;18;;;;;;;6.202;1.431;14
BIOGAS CT RESENER SA;;Biogas Power Plant;5256.00;Biogenic point source;;Buenos Aires;-38.69554547;-62.46569561;Electrical energy;0.8;;;;2022;CAMMESA/Bio4;18;;;;;;;3.308;763;7
CTBG POLLOS SAN MATEO;;Biogas Power Plant;15768.00;Biogenic point source;;Córdoba;-31.19186042;-64.28926368;Electrical energy;2.4;;;;2022;CAMMESA/Bio4;18;;;;;;;9.923;2.290;22
CTBG GENERAL VILLEGAS Ren 2;;Biogas Power Plant;8015.40;Biogenic point source;;Buenos Aires;-34.99825504;-62.99354435;Electrical energy;1.2;;;;2022;CAMMESA/Bio4;18;;;;;;;5.044;1.164;11
YPF Plaza Huincul;YPF SA;Methanol;275370.00;Industrial point source;;Neuquén;-38.92880502;-69.18029111;Methanol;411.000;;;Lurgi;2021;IPA/Inventario GHG; 0.67 ;;;;;;;173.298;39.997;380
Arauco General San Martin;Arauco Argentina S.A. ;Methanol;33500.00;Industrial point source;;Santa Fe;-32.65892352;-60.73470953;Methanol;50.000;;;Lurgi;2021;IPA/Inventario GHG;0.67;;;;;;;21.082;4.866;46
La Plata Refinery;YPF SA;Refinery;2224965.52;Industrial point source;;Buenos Aires;-34.88514453;-57.91350126;Combustible;190.000;;;;;;;;;;;;;1.400.230;323.173;3.074
Lujan de Cuyo Refinery;YPF SA;Refinery;1229586.21;Industrial point source;;Mendoza;-33.07089296;-68.97531701;Combustible;105.000;;;;;;;;;;;;;773.811;178.596;1.699
Plaza Huincul Refinery;YPF SA;Refinery;292758.62;Industrial point source;;Neuquén;-38.9288127;-69.18736154;Combustible;25.000;;;;;;;;;;;;;184.241;42.523;405
Raizen Dock Sud;Raizen;Refinery;1171034.48;Industrial point source;;Buenos Aires;-34.64167707;-58.33684622;Combustible;100.000;;;;;;;;;;;;;736.963;170.091;1.618
Axion Campana Refinery;PAE;Refinery;1171034.48;Industrial point source;;Buenos Aires;-34.15453734;-58.95403325;Combustible;100.000;;;;;;;;;;;;;736.963;170.091;1.618
DAPSA;;Refinery;0.00;Industrial point source;;;;;;;;;;;;;;;;;;;0;0;0
Dock Sud Refinery;;Refinery;0.00;Industrial point source;;;;;;;;;;;;;;;;;;;0;0;0
REFINOR Campo Duran Refinery;;Refinery;351310.34;Industrial point source;;Salta;-22.20022216;-63.66914578;;30.000;;;;;;;;;;;;;221.089;51.027;485
TRAFIGURA Bahia Blanca Refinery;;Refinery;351310.34;Industrial point source;;Buenos Aires;-38.72155716;-62.29859593;;30.000;;;;;;;;;;;;;221.089;51.027;485
OIL Combustibles San Lorenzo Refinery;;Refinery;0.00;Industrial point source;;;;;;0;;;;;;;;;;;;;0;0;0
PAMPA ENERGIA SA;;Etileno;25916.00;Industrial point source;Pto General San Martín;Santa Fe;-32.69234971;-60.73547591;Etileno;31.000;;;Fish;2021;IPA/Inventario GHG; 0.84 ;;;;;;;16.310;3.764;36
PBB Polisur S.A.;;Etileno;229900.00;Industrial point source;Bahia Blanca;Buenos Aires;-38.65309984;-62.28055105;Etileno;275.000;;;Linde;2021;IPA/Inventario GHG; 0.84 ;;;;;;;144.682;33.393;318
PBB Polisur S.A.;;Etileno;355300.00;Industrial point source;Bahia Blanca;Buenos Aires;-38.65309984;-62.28055105;Etileno;425.000;;;CF Braun/Dow Chem.;2021;IPA/Inventario GHG; 0.84 ;;;;;;;223.600;51.607;491
CT BIOMASA GARRUCHOS;; Biomass Power Plant ;257714.35;Biogenic point source;;Corrientes;-27.94617937;-56.00073193;;36;255.923;;;;;1.007;;;;;;;162.187;37.433;356
CTBM. GENERACIÓN LAS JUNTURAS;; Biomass Power Plant ;60021.67;Biogenic point source;;Córdoba;-31.83992999;-63.44270922;;0.60;59.604;;;;;1.007;;;;;;;37.773;8.718;83
CTBM INGENIO LEALES;; Biomass Power Plant ;5855.11;Biogenic point source;;Tucumán;-27.07223015;-65.23077638;;2;5.814;;;;;1.007;;;;;;;3.685;850;8
CT BIOMASA SANTA ROSA CORRIENTES;; Biomass Power Plant ;122490.21;Biogenic point source;;Corrientes;-28.23787262;-58.06779436;;15;121.639;;;;;1.007;;;;;;;77.086;17.792;169
CT BIOMASA LA ESCONDIDA CHACO;; Biomass Power Plant ;40100.60;Biogenic point source;;Chaco;-27.1024196;-59.44379683;;10;39.822;;;;;1.007;;;;;;;25.236;5.825;55
CTBM BIOMASA UNITAN SEIS MEGA;; Biomass Power Plant ;1307.53;Biogenic point source;;Chaco;-27.37139972;-59.08705038;;6.7;1.298;;;;;1.007;;;;;;;823;190;2
ALTO PARANA-PTO.PIRAY;; Biomass Power Plant ;88234.82;Biogenic point source;;Misiones;-26.47536011;-54.72039929;;;87.621;;;;;1.007;;;;;;;55.529;12.816;122
ARCOR ING.LA PROVIDENCIA;; Biomass Power Plant ;16590.35;Biogenic point source;;Tucumán;-27.26445360;-65.56637912;;;16.475;;;;;1.007;;;;;;;;;
AZUCARERA JUAN M.TERAN SA;; Biomass Power Plant ;6297.72;Biogenic point source;;Tucumán;-27.45834206;-65.60604599;;;6.254;;;;;1.007;;;;;;;;;
CT BIOMASA MM BIOENERGÍA;; Biomass Power Plant ;13977.01;Biogenic point source;;Misiones;-27.63019753;-55.43580567;;;13.880;;;;;1.007;;;;;;;;;
CT PRODEMAN BIOENERGÍA;; Biomass Power Plant ;60021.67;Biogenic point source;;Córdoba;-32.79407682;-63.86537614;;;59.604;;;;;1.007;;;;;;;;;
ECO-ENERGIA S.A.BIOMASA;; Biomass Power Plant ;18829.90;Biogenic point source;;Misiones;-26.02800244;-54.58478971;;;18.699;;;;;1.007;;;;;;;;;
GENERACION TICINO BIOMASA SA;; Biomass Power Plant ;25099.65;Biogenic point source;;Córdoba;-32.70126887;-63.43327446;;;24.925;;;;;1.007;;;;;;;;;
Ingenio y Ref.S.Martin Tabacal;; Biomass Power Plant ;98553.78;Biogenic point source;;Salta;-23.2537127;-64.24116463;;;97.869;;;;;1.007;;;;;;;;;
NIDERA SAFORCADA-Junin;; Biomass Power Plant ;12.29;Biogenic point source;;Buenos Aires;-34.58638693;-61.03071103;;;12;;;;;1.007;;;;;;;;;
PAPEL MISIONERO S.A.;; Biomass Power Plant ;270.79;Biogenic point source;;Misiones;-26.93529417;-55.12206674;;;269;;;;;1.007;;;;;;;;;