Name;Company;Type of industry;CO2 emissions [t];Type of source;Location (city);Provincia;Location (latitude);Location (longitude);Primary product;Installed Capacity [t/a];Columna1;Utility of the installed capacity;Process;Year of emission data;Source CO2 emissions;CO2 factor [tCO2/tproduct]
Fábrica de aluminio de Aluar;Aluar;Aluminium;612057.6;Industrial point source;Puerto Madryn;Chubut;-42.63615141;-65.1028453;Aluminium;460000;;0.8316;;2021;Estimated. See sources and methodology.;1.6
Bunge Campana;Bunge Argentina S.A;Ammonia;26486.46;Industrial point source;Campana;Buenos Aires;-34.09354048;-59.00465275;Ammonia;29700;;0.98;N-Ren;2021;Estimated. See sources and methodology.;0.91
Profertil Bahia Blanca;Profertil S.A.;Ammonia;710621;Industrial point source;Bahia Blanca;Buenos Aires;-38.78424491;-62.28168815;Ammonia;790000;;0.98;Haldor Topsoe;2021;Sustainability report Profertil 2021;1.25
Austin Powder;Austin Powder;Ammonia;53508;Industrial point source;El Galpón;Salta;-25.37919283;-64.65198658;Ammonia;60000;;0.98;Girdler Corp.;2021;Estimated. See sources and methodology.;0.91
Bioenergía la Corona;Bioenergia La Corona S.A.;Bioethanol;21600;Biogenic point source;Concepción;Tucumán;-27.3548157;-65.60294134;Bioethanol;25644.6;;0.8;;;Estimated. See sources and methodology.;1.052853232
Bioenergías Agropecuarias S.A.;BIOENERGÍASAGROPECUARIAS S.A.;Bioethanol;22000;Biogenic point source;General Obligado;Santa Fe;-28.48761165;-59.39684115;Bioethanol;26119.5;;0.8;;;Estimated. See sources and methodology.;1.052853232
Ingenio Santa Rosa;Bioenergía Santa Rosa S.A.;Bioethanol;21600;Biogenic point source;Monteros;Tucumán;-27.22139848;-65.51695443;Bioethanol;25644.6;;0.8;;;Estimated. See sources and methodology.;1.052853232
Ingenio Ledesma;Bio Ledesma S.A.;Bioethanol;66000;Biogenic point source;Libertador General San Martin;Jujuy;-23.82436777;-64.78800974;Bioethanol;78358.5;;0.8;;;Estimated. See sources and methodology.;1.052853232
Bio San Isidro;Bio San Isidro S.A.;Bioethanol;9000;Biogenic point source;Campo Santo;Salta;-24.6810765;-65.09802875;Bioethanol;10685.25;;0.8;;;Estimated. See sources and methodology.;1.052853232
Biotrinidad;Biotrinidad S.A.;Bioethanol;19200;Biogenic point source;San Miguel de Tucumán;Tucumán;-26.82826317;-65.20884372;Bioethanol;22795.2;;0.8;;;Estimated. See sources and methodology.;1.052853232
Compañía Bioenergética La Florida;Compañía Bioenergética La Florida S.A.;Bioethanol;83333.33333;Biogenic point source;La Florida;Tucumán;-26.81731107;-65.08538766;Bioethanol;98937.5;;0.8;;;Estimated. See sources and methodology.;1.052853232
Energías Ecológicas de Tucumán;Energías Ecológicas de Tucumán - Grupo Colombres;Bioethanol;22000;Biogenic point source;Aguilares;Tucumán;-27.4571049;-65.60985513;Bioethanol;26119.5;;0.8;;;Estimated. See sources and methodology.;1.052853232
Fronterita Energía S.A.;Fronterita Energia S.A.;Bioethanol;21333.33333;Biogenic point source;Juan XXIII;Tucumán;-27.0235712;-65.30157927;Bioethanol;25328;;0.8;;;Estimated. See sources and methodology.;1.052853232
Ingenio Río Grande;Rio Grande Energia S.A.;Bioethanol;14400;Biogenic point source;La Mendieta;Jujuy;-24.31258742;-64.9683694;Bioethanol;17096.4;;0.8;;;Estimated. See sources and methodology.;1.052853232
ACA;Aca Bio Cooperativa Ltda.;Bioethanol;83333.33333;Biogenic point source;Villa María;Córdoba;-32.41597156;-63.16162482;Bioethanol;98937.5;;0.8;;;Estimated. See sources and methodology.;1.052853232
Bio IV;Bioetanol Rio Cuarto A.A.;Bioethanol;66666.66667;Biogenic point source;Río Cuarto;Córdoba;-33.17998671;-64.38329425;Bioethanol;79150;;0.8;;;Estimated. See sources and methodology.;1.052853232
Diaser;Derivados San Luis;Bioethanol;61600;Biogenic point source;San Luis;San Luis;-33.32563333;-66.36372385;Bioethanol;73134.6;;0.8;;;Estimated. See sources and methodology.;1.052853232
Maíz Energía;MAÍZ ENERGÍA S.A.;Bioethanol;39200;Biogenic point source;Ciudad de Córdoba;Córdoba;-31.37191425;-64.18185929;Bioethanol;46540.2;;0.8;;;Estimated. See sources and methodology.;1.052853232
Promaíz;Promaiz S.A.;Bioethanol;146666.6667;Biogenic point source;Alejandro Roca;Córdoba;-33.36537538;-63.71712134;Bioethanol;174130;;0.8;;;Estimated. See sources and methodology.;1.052853232
Vicentin;Vicentin S.A.I.C.;Bioethanol;76666.66667;Biogenic point source;Avellaneda;Santa Fe;-31.62099492;-60.71499331;Bioethanol;91022.5;;0.8;;;Estimated. See sources and methodology.;1.052853232
Seaboard Energía Renovables y Alimentos;Seaboard Energía Renovables y Alimentos;Bioethanol;165000;Biogenic point source;Orán;Salta;-23.2022408;-64.29616772;Bioethanol;195896.25;;0.8;;;Estimated. See sources and methodology.;1.052853232
Bioenergética Leales S.A.;Bioenergética Leales S.A.;Bioethanol;28000;Biogenic point source;Cevil Pozo;Tucumán;-26.84424771;-65.14264897;Bioethanol;33243;;0.8;;;Estimated. See sources and methodology.;1.052853232
Bio Atar S.A.;Bio Atar S.A.;Bioethanol;44000;Biogenic point source;Alderetes;Tucumán;-26.83469939;-65.15279485;Bioethanol;52239;;0.8;;;Estimated. See sources and methodology.;1.052853232
Arauco Argentina S.A. ;Arauco Argentina S.A. ;Pulp and Paper;875000;Industrial point source;Puerto Esperanza;Misiones;-25.97573961;-54.63376934;Cellulose pulp;350000;;0.87;;;"Estimation made by K. Kuparinen, E.  Vakkilainen, and T. Tinjala, ""Biomass-Based Carbon Capture and Utilization in kraft pulp mills"". See Sources and methodology";2.5
Celulosa Argentina S.A.;Celulosa Argentina S.A.;Pulp and Paper;416400;Industrial point source;Capitan Bermudez;Santa Fe;-32.73646168;-60.70218034;Cellulose pulp;166560;;0.92;;;"Estimation made by K. Kuparinen, E.  Vakkilainen, and T. Tinjala, ""Biomass-Based Carbon Capture and Utilization in kraft pulp mills"". See Sources and methodology";2.5
Papel Prensa S.A.I.C.F.;Papel Prensa S.A.I.C.F.;Pulp and Paper;421762.5;Industrial point source;San Pedro;Buenos Aires;-33.7216403;-59.62774924;Cellulose pulp;168705;;0.66;;;"Estimation made by K. Kuparinen, E.  Vakkilainen, and T. Tinjala, ""Biomass-Based Carbon Capture and Utilization in kraft pulp mills"". See Sources and methodology";2.5
Papel Misionero;Papel Misionero;Pulp and Paper;272137.5;Industrial point source;Puerto Leoni;Misiones;-26.93561856;-55.11980442;Cellulose pulp;108855;;0.9;;;"Estimation made by K. Kuparinen, E.  Vakkilainen, and T. Tinjala, ""Biomass-Based Carbon Capture and Utilization in kraft pulp mills"". See Sources and methodology";2.5
Papelera del NOA S.A.;Papelera del NOA S.A.;Pulp and Paper;85425;Industrial point source;Río Blanco;Jujuy;-24.23195846;-65.23014529;Cellulose pulp;34170;;0.84;;;"Estimation made by K. Kuparinen, E.  Vakkilainen, and T. Tinjala, ""Biomass-Based Carbon Capture and Utilization in kraft pulp mills"". See Sources and methodology";2.5
Fábrica de Papel Ledesma;Fábrica de Papel Ledesma;Pulp and Paper;212250;Industrial point source;Libertador General San Martín;Jujuy;-23.82765684;-64.79551334;Cellulose pulp;84900;;0.67;;;"Estimation made by K. Kuparinen, E.  Vakkilainen, and T. Tinjala, ""Biomass-Based Carbon Capture and Utilization in kraft pulp mills"". See Sources and methodology";2.5
Fana Química SA;Fana Química SA;Pulp and Paper;4000;Industrial point source;San José;Entre Ríos;;;Cellulose pulp;1600;;0.41;;;"Estimation made by K. Kuparinen, E.  Vakkilainen, and T. Tinjala, ""Biomass-Based Carbon Capture and Utilization in kraft pulp mills"". See Sources and methodology";2.5
Fábrica L'Amalí;Loma Negra;Cement;2442352.941;Industrial point source;Olavarría;Buenos Aires;-37.03607735;-60.29810249;Cement;3200000;;;Integrada;2021;Asociación de Fabricantes de Cemento Portland (AFCP);0.519
Fábrica Olavarría;Loma Negra;Cement;1144852.941;Industrial point source;Olavarría;Buenos Aires;-36.93725544;-60.16484634;Cement;1500000;;;Integrada;2021;Asociación de Fabricantes de Cemento Portland (AFCP);0.519
Fábrica Catamarca;Loma Negra;Cement;1373823.529;Industrial point source;El Alto;Catamarca;-28.46620076;-65.21491434;Cement;1800000;;;Integrada;2021;Asociación de Fabricantes de Cemento Portland (AFCP);0.519
Fábrica Zapala;Loma Negra;Cement;305294.1176;Industrial point source;Zapala;Neuquén;-38.89661841;-70.03773085;Cement;400000;;;Integrada;2021;Asociación de Fabricantes de Cemento Portland (AFCP);0.519
Planta Holcim Capdeville Mendoza;HOLCIM;Cement;534264.7059;Industrial point source;Las Heras;Mendoza;-32.7406102;-68.83721964;Cement;700000;;;;2021;Asociación de Fabricantes de Cemento Portland (AFCP);0.519
Planta Holcim Malagueño;HOLCIM;Cement;2366029.412;Industrial point source;Malagueño;Córdoba;-31.47714495;-64.35835512;Cement;3100000;;;;;Asociación de Fabricantes de Cemento Portland (AFCP);0.519
Planta Holcim Puesto Viejo;HOLCIM;Cement;763235.2941;Industrial point source;Puesto Viejo;Jujuy;-24.49038325;-64.9570812;Cement;1000000;;;;;Asociación de Fabricantes de Cemento Portland (AFCP);0.519
San Jacinto;Cementos Avellaneda;Cement;1831764.706;Industrial point source;Olavarría;Buenos Aires;-36.98156278;-60.24814569;Cement;2400000;;;;;Asociación de Fabricantes de Cemento Portland (AFCP);0.519
El Grande;Cementos Avellaneda;Cement;839558.8235;Industrial point source;La Calera;San Luis;-32.799973;-66.85763867;Cement;1100000;;;;;Asociación de Fabricantes de Cemento Portland (AFCP);0.519
Fábrica Pico Truncado;PCR;Cement;457941.1765;Industrial point source;Pico Truncado;Santa Cruz;-46.78713825;-67.92954422;Cement;600000;;;;;Asociación de Fabricantes de Cemento Portland (AFCP);0.519
Planta siderúrgica Ternium Siderar;Ternium Argentina S.A.;Steel;5286272;Industrial point source;Ramallo/San Nicolas;Buenos Aires;-33.32260493;-60.15945416;Slabs and hot rolled flat products , cold rolled flat products , tinplate;3200000;;0.59375;Blast Furnace - Basic Oxygen Furnace (BF-BOF);2021;Estimated. See sources and methodology.;1.65196
Planta siderúrgica TenarisSiderca;Ternaris S.A. / Siderca S.A.I.C.;Steel;650000;Industrial point source;Campana;Buenos Aires;-34.152554;-58.977388;Seamless pipes ;1300000;;0.538461538;Electric Arc Furnace (EAF);2021;Estimated. See sources and methodology.;0.5
Acindar;Acindar Industria Argentina de Aceros S.A.;Steel;1015000;Industrial point source;Villa Constitución;Santa Fe;-33.256309;-60.292472;Billets, rolled non-flat products ;1750000;;0.628571429;Electric Arc Furnace (EAF);2021;Estimated. See sources and methodology.;0.58
Planta siderúrgica Gerdau Sipar Pérez;Gerdau SA;Steel;103031;Industrial point source;Pérez;Santa Fe;-32.9912336;-60.7588733;Rolled non-flat products ;650000;;0.207692308;Electric Arc Furnace (EAF);2021;Estimated. See sources and methodology.;0.17746
ALUAR SA - GENERADOR;Aluar;Fossil Thermal Power Plant;210445;Industrial point source;Puerto Madryn;Chubut;-42.7438848;-65.04839927;Electrical energy;189;;;;2021;CAMMESA;1.94819592
ARCOR MARIO SEVESO ARROYITO;;Fossil Thermal Power Plant;93267;Industrial point source;;Córdoba;-31.42055514;-63.03885915;;;;;;2021;CAMMESA;1.94819592
C. TERMICAS MENDOZA PLUS;;Fossil Thermal Power Plant;788702;Industrial point source;;Mendoza;-33.02787784;-68.89874272;;288.466;;;;2021;CAMMESA;1.94819592
C. TERMICAS MENDOZA SA;;Fossil Thermal Power Plant;297745;Industrial point source;;Mendoza;;;;203.77;;;;2021;CAMMESA;2.095930315
C.COSTA ATLANTICA;;Fossil Thermal Power Plant;509899;Industrial point source;;Buenos Aires;-36.30875528;-56.63689546;;455.88;;;;2021;CAMMESA;2.347655665
C.T. AES PARANA;;Fossil Thermal Power Plant;1717893;Industrial point source;;Buenos Aires;-32.97092569;-60.1538909;;869.51;;;;2021;CAMMESA;2.240478703
C.T. AGUA DEL CAJON;;Fossil Thermal Power Plant;1108638;Industrial point source;Neuquén;Neuquén;-38.93531878;-68.35746075;Electrical energy;184.4;;;;2021;CAMMESA;1.94819592
C.T. ALMIRANTE BROWN;Excell Power S.R.L.;Fossil Thermal Power Plant;7094;Industrial point source;Burazco;Buenos Aires;-34.83766034;-58.40568505;Electrical energy;25;;;;2021;CAMMESA;2.697170552
C.T. LOMA DE LA LATA S.A.;C.T. LOMA DE LA LATA S.A.;Fossil Thermal Power Plant;1779653;Industrial point source;Neuquén;Neuquén;-38.51178974;-68.60637825;Electrical energy;675;;;;2021;CAMMESA;1.94819592
C.T. PATAGONICAS SA;CENTRALES TERMICAS PATAGONICAS S.A.;Fossil Thermal Power Plant;27712;Industrial point source;Comodoro Rivadavia;Chubut;-45.81390612;-67.44427712;Electrical energy;160;;;;2021;CAMMESA;1.94819592
C.T. SALTA (TERMOANDES);AES;Fossil Thermal Power Plant;1004183;Industrial point source;Cobos;Salta;-24.74271171;-65.05151496;Electrical energy;642.7;;;;2021;CAMMESA;1.94819592
C.TERMICA ALTO VALLE;;Fossil Thermal Power Plant;198282;Industrial point source;Neuquén;Neuquén;-38.95161594;-68.02174487;Electrical energy;96;;;;2021;CAMMESA;1.94819592
C.TERMICA GUEMES S.A.;;Fossil Thermal Power Plant;139062;Industrial point source;;Salta;-24.75718674;-65.34767737;;261;;;;2021;CAMMESA;1.94819592
C.TERMICA SAN NICOLAS;AES;Fossil Thermal Power Plant;2158549;Industrial point source;San Nicolás de Los Arroyos;Buenos Aires;-33.35809074;-60.17476179;Electrical energy;675;;;;2021;CAMMESA;2.382121966
C.TERMICA SORRENTO;;Fossil Thermal Power Plant;20821;Industrial point source;;Santa Fe;-32.90624373;-60.68192663;;217;;;;2021;CAMMESA;2.356224249
CAPEX S.A. AUTOGENERADOR;;Fossil Thermal Power Plant;1075683;Industrial point source;;Neuquén;-38.93576108;-68.35797573;;477.1;;;;2021;CAMMESA;1.94819592
CENTRAL DIQUE S.A.;CENTRAL DIQUE S.A.;Fossil Thermal Power Plant;478;Industrial point source;Ensenada;Buenos Aires;-34.88987358;-57.93335436;Electrical energy;55;;;;2021;CAMMESA;1.94819592
CENTRAL DOCK SUD;Central Dock Sud;Fossil Thermal Power Plant;2101890;Industrial point source;Dock Sud;Buenos Aires;-34.65327861;-58.34352059;Electrical energy;869.5;;;;2021;CAMMESA;2.114634727
CENTRAL PIEDRA BUENA S.A.;Pampa Energía;Fossil Thermal Power Plant;243763;Industrial point source;Ingeniero White;Buenos Aires;-38.78482523;-62.25607271;Electrical energy;;;;;2021;CAMMESA;2.40722779
CENTRAL PUERTO SA;Central Puerto S.A.;Fossil Thermal Power Plant;3481800;Industrial point source;Buenos Aires;Buenos Aires;-34.56347462;-58.385489;Electrical energy;1777;;;;2021;CAMMESA;2.41650066
CENTRAL TÉRMICA LOMITA AUTOG.;;Fossil Thermal Power Plant;59300;Industrial point source;;Neuquén;;;;;;;;2021;CAMMESA;1.94819592
CENTRAL TERMICA PIQUIRENDA;Pampa Energía;Fossil Thermal Power Plant;25963;Industrial point source;Piquirenda;Salta;-22.35004604;-63.76700533;Electrical energy;30.4;;;;2021;CAMMESA;1.94819592
COOP. MNO. MORENO BS. AS.GENER;;Fossil Thermal Power Plant;668;Industrial point source;;Buenos Aires;;;;7;;;;2021;CAMMESA;2.697170552
CT 9 de JULIO C Cost ATLANTICA;Centrales de la Costa Atlántica S.A.;Fossil Thermal Power Plant;221258;Industrial point source;Mar del Plata;Buenos Aires;-38.04949391;-57.54553583;Electrical energy;94.74;;;;2021;CAMMESA;2.247785773
CT ACONCAGUA ENERGÍA AUTOGENER;;Fossil Thermal Power Plant;17;Industrial point source;;Mendoza;;;;;;;;2021;CAMMESA;1.94819592
CT ALEM - AGGREKO;;Fossil Thermal Power Plant;35577;Industrial point source;;Misiones;-27.55844357;-55.28616792;;15;;;;2021;CAMMESA;2.697170552
CT ANCHORIS - METHAX;EMESA;Fossil Thermal Power Plant;50825;Industrial point source;Tupungato;Mendoza;-33.3133564;-68.89151146;Electrical energy;40;;;;2021;CAMMESA;1.94819592
CT AÑATUYA - SULLAIR;;Fossil Thermal Power Plant;11557;Industrial point source;Añatuya;Santiago del Estero;-28.44584131;-62.85560319;Electrical energy;19.2;;;;2021;CAMMESA;2.697170552
CT AÑATUYA II - SULLAIR;;Fossil Thermal Power Plant;4840;Industrial point source;Añatuya;Santiago del Estero;-28.44584131;-62.85560319;Electrical energy;11.5;;;;2021;CAMMESA;2.697170552
CT ARISTOBU.DEL VALLE-SOENERGY;;Fossil Thermal Power Plant;24495;Industrial point source;Aristóbulo del Valle;Misiones;-27.09123769;-54.86344241;Electrical energy;15;;;;2021;CAMMESA;2.697170552
CT ARRECIFES-AGGREKO;;Fossil Thermal Power Plant;8081;Industrial point source;;Buenos Aires;;;;20;;;;2021;CAMMESA;2.697170552
CT BANDERA SgoEstero - ENARSA;;Fossil Thermal Power Plant;4539;Industrial point source;;Santiago del Estero;-27.79292098;-62.15515275;;32.5;;;;2021;CAMMESA;2.697170552
CT BARILOCHE;;Fossil Thermal Power Plant;1392;Industrial point source;;Río Negro;-41.0854318;-71.35591366;;20;;;;2021;CAMMESA;2.697170552
CT BARKER CIERRE CC;;Fossil Thermal Power Plant;636102;Industrial point source;Benito Juárez;Buenos Aires;-37.54858826;-59.4506657;Electrical energy;105.85;;;;2021;CAMMESA;2.230277275
CT BARRAGAN - ENARSA;ENARSA;Fossil Thermal Power Plant;319657;Industrial point source;Ensenada;Buenos Aires;-34.85965751;-57.95577403;Electrical energy;567;;;;2021;CAMMESA;2.266510139
CT BARRANQUERAS Chaco;;Fossil Thermal Power Plant;3373;Industrial point source;;Chaco;-27.48591444;-58.93260519;;21.7;;;;2021;CAMMESA;2.697170552
CT BELL VILLE - SULLAIR;SULLAIR ARGENTINA S.A.;Fossil Thermal Power Plant;6459;Industrial point source;Bell Ville;Córdoba;-32.61039562;-62.68583225;Electrical energy;15.6;;;;2021;CAMMESA;2.697170552
CT BRACHO CIERRE CC- Y-GEN S.A;;Fossil Thermal Power Plant;1242878;Industrial point source;;Tucumán;-26.99529044;-65.17017867;;199;;;;2021;CAMMESA;1.94819592
CT BRAGADO - EMGASUD;;Fossil Thermal Power Plant;7559;Industrial point source;;Buenos Aires;-34.81288221;-60.40005;;;;;;2021;CAMMESA;2.135439578
CT BRAGADO 2 - GENNEIA;Genneia;Fossil Thermal Power Plant;79138;Industrial point source;Bragado;Buenos Aires;-35.13651396;-60.43241426;Electrical energy;58.5;;;;2021;CAMMESA;2.251834284
CT BRAGADO 3 - GENNEIA;Genneia;Fossil Thermal Power Plant;92453;Industrial point source;Bragado;Buenos Aires;-35.13651396;-60.43241426;Electrical energy;61.2;;;;2021;CAMMESA;2.220550332
CT BRIGADIER LOPEZ;Central Puerto S.A.;Fossil Thermal Power Plant;64572;Industrial point source;Santa Fe;Santa Fe;-31.71284154;-60.77930021;Electrical energy;280;;;;2021;CAMMESA;2.322683236
CT CAIMANCITO -SULLAIR;;Fossil Thermal Power Plant;62571;Industrial point source;Libertador Gral San Martín;Jujuy;-23.73226891;-64.61399317;Electrical energy;91;;;;2021;CAMMESA;1.94819592
CT CAÑADA DE GOMEZ - SECCO;Secco;Fossil Thermal Power Plant;105744;Industrial point source;Cañada de Gómez;Santa Fe;-32.78187222;-61.41843352;Electrical energy;67.232;;;;2021;CAMMESA;2.671149063
CT CAPITAN SARMIENTO - SECCO;Secco;Fossil Thermal Power Plant;10205;Industrial point source;;Buenos Aires;-34.16216899;-59.79574076;;5;;;;2021;CAMMESA;2.697170552
CT CASTELLI - AGGREKO;;Fossil Thermal Power Plant;9440;Industrial point source;;Chaco;-25.94900872;-60.61986966;;15;;;;2021;CAMMESA;2.697170552
CT CATAMARCA - SECCO;;Fossil Thermal Power Plant;10013;Industrial point source;;Catamarca;-28.4208082;-65.78776983;;19.2;;;;2021;CAMMESA;2.697170552
CT CERES - SECCO;;Fossil Thermal Power Plant;3924;Industrial point source;;Santa Fe;-29.87387756;-61.92317816;;18;;;;2021;CAMMESA;2.697170552
CT CHARATA - SULLAIR;;Fossil Thermal Power Plant;7334;Industrial point source;;Chaco;-27.20868003;-61.18225793;;19.8;;;;2021;CAMMESA;2.697170552
CT CHILECITO - SECCO;Secco;Fossil Thermal Power Plant;4810;Industrial point source;Chilecito;La Rioja;-29.15733701;-67.50746666;Electrical energy;10;;;;2021;CAMMESA;2.697170552
CT CIPOLLETI - AGGREKO;;Fossil Thermal Power Plant;501;Industrial point source;;Río Negro;-38.86486771;-68.03632495;;5;;;;2021;CAMMESA;2.697170552
CT COLON BS.AS - SULLAIR;;Fossil Thermal Power Plant;5222;Industrial point source;Colón;Buenos Aires;-33.73201213;-61.09709894;Electrical energy;15.3;;;;2021;CAMMESA;2.697170552
CT CORRIENTES - AGGREKO;;Fossil Thermal Power Plant;7204;Industrial point source;;Corrientes;-27.4710135;-58.80297303;;20;;;;2021;CAMMESA;2.697170552
CT EZEIZA ETAPA1 G MEDITERRANE;;Fossil Thermal Power Plant;56618;Industrial point source;Carlos Spegazzini;Buenos Aires;-34.90274362;-58.61692333;Electrical energy;102.1;;;;2021;CAMMESA;2.197854131
CT EZEIZA ETAPA2 G MEDITERRANE;;Fossil Thermal Power Plant;32456;Industrial point source;Carlos Spegazzini;Buenos Aires;-34.90274362;-58.61692333;Electrical energy;50;;;;2021;CAMMESA;2.197854131
CT FORMOSA - APR ENERGY;;Fossil Thermal Power Plant;5006;Industrial point source;;Formosa;-26.17579564;-58.20978419;;30;;;;2021;CAMMESA;2.697170552
CT GENERAL ROJO CIERRE CC;;Fossil Thermal Power Plant;619957;Industrial point source;San Nicolás de Los Arroyos;Buenos Aires;-33.45541478;-60.28090222;Electrical energy;107.65;;;;2021;CAMMESA;2.314715421
CT GOYA - SECCO;;Fossil Thermal Power Plant;4754;Industrial point source;Goya;Corrientes;-29.15821641;-59.27345715;Electrical energy;13;;;;2021;CAMMESA;2.697170552
CT GRAL. VILLEGAS - AGGREKO;;Fossil Thermal Power Plant;14209;Industrial point source;;Buenos Aires;-35.0345172;-62.99797308;;23.5;;;;2021;CAMMESA;2.697170552
CT INDEPEND. ETAPA1 G MEDITERR;Grupo Albanesi;Fossil Thermal Power Plant;10088;Industrial point source;San Miguel de Tucumán;Tucumán;-26.866966;-65.22182861;Electrical energy;49.6;;;;2021;CAMMESA;2.239463833
CT INDEPEND. ETAPA2 G MEDITERR;Grupo Albanesi;Fossil Thermal Power Plant;9463;Industrial point source;San Miguel de Tucumán;Tucumán;-26.866966;-65.22182861;Electrical energy;49;;;;2021;CAMMESA;2.239463833
CT ING JUAREZ - SECCO;;Fossil Thermal Power Plant;2692;Industrial point source;Ingeniero Juárez;Formosa;-23.90901687;-61.83150245;Electrical energy;4;;;;2021;CAMMESA;2.697170552
CT INTA CATAMARCA - SECCO;;Fossil Thermal Power Plant;3559;Industrial point source;;Catamarca;;;;7;;;;2021;CAMMESA;2.697170552
CT ISLA VERDE - AGGREKO;;Fossil Thermal Power Plant;7670;Industrial point source;;Córdoba;-33.24178127;-62.39381422;;24.5;;;;2021;CAMMESA;2.697170552
CT ITATI - TURBODISEL;;Fossil Thermal Power Plant;1498;Industrial point source;;Corrientes;-27.31887856;-58.23844011;;7.2;;;;2021;CAMMESA;2.697170552
CT JUNIN;;Fossil Thermal Power Plant;14479;Industrial point source;;Buenos Aires;-34.55914506;-60.92796994;;22;;;;2021;CAMMESA;2.697170552
CT LA PAZ Entre Rios - ENARSA;;Fossil Thermal Power Plant;2674;Industrial point source;;Entre Ríos;-30.74961413;-59.60149196;;10.8;;;;2021;CAMMESA;2.697170552
CT LA PLATA - SULLAIR;;Fossil Thermal Power Plant;14048;Industrial point source;San Carlos;Buenos Aires;-34.9338664;-58.01640058;Electrical energy;40.4;;;;2021;CAMMESA;2.697170552
CT LA RIOJA - SECCO;;Fossil Thermal Power Plant;7688;Industrial point source;;La Rioja;-29.35906756;-66.83395555;;19.2;;;;2021;CAMMESA;2.697170552
CT LA RIOJA SUR- SECCO;;Fossil Thermal Power Plant;3506;Industrial point source;;La Rioja;-29.42128793;-66.82983567;;10;;;;2021;CAMMESA;2.697170552
CT LAGUNA BLANCA - SECCO;;Fossil Thermal Power Plant;4457;Industrial point source;Laguna Blanca;Formosa;-25.12695055;-58.25915073;Electrical energy;7;;;;2021;CAMMESA;2.697170552
CT LAS ARMAS II - EMGASUD;;Fossil Thermal Power Plant;606;Industrial point source;;Buenos Aires;-37.07639032;-57.81773168;;;;;;2021;CAMMESA;1.94819592
CT LAS PALMAS 2 - ARAUCARIA;;Fossil Thermal Power Plant;100667;Industrial point source;;Buenos Aires;-34.07978591;-59.12506332;;212.2;;;;2021;CAMMESA;2.274220172
CT LAS PALMAS -TURBODISEL;;Fossil Thermal Power Plant;543;Industrial point source;;Chaco;-27.03271109;-58.70358987;;7.2;;;;2021;CAMMESA;2.697170552
CT LIBERTADOR GSM - SULLAIR;;Fossil Thermal Power Plant;3331;Industrial point source;;Jujuy;-23.73223944;-64.61405755;;15.26;;;;2021;CAMMESA;2.697170552
CT LINCOLN;;Fossil Thermal Power Plant;5898;Industrial point source;Lincoln;Buenos Aires;-34.85716731;-61.52070383;Electrical energy;15;;;;2021;CAMMESA;2.697170552
CT LOBOS BS.AS - SULLAIR;;Fossil Thermal Power Plant;23328;Industrial point source;;Buenos Aires;-35.18956801;-59.07850788;;19.68;;;;2021;CAMMESA;2.697170552
CT LOMA CAMPANA 1 -YPF;;Fossil Thermal Power Plant;93992;Industrial point source;;Neuquén;-37.92686761;-68.71536317;;105;;;;2021;CAMMESA;1.94819592
CT LOMA CAMPANA 2 -Y-GEN ELECT;;Fossil Thermal Power Plant;164946;Industrial point source;;Neuquén;-37.92686761;-68.71536317;;107;;;;2021;CAMMESA;1.94819592
CT LOMA DE LA LATA II(NEUQUEN);;Fossil Thermal Power Plant;228867;Industrial point source;;Neuquén;-38.51180658;-68.6063997;;105;;;;2021;CAMMESA;1.94819592
CT LUJAN II - ARAUCARIA ENERGY;;Fossil Thermal Power Plant;68363;Industrial point source;;Buenos Aires;-34.55594176;-59.03483213;;127.3;;;;2021;CAMMESA;2.013324149
CT MAGDALENA - APR ENERGY;;Fossil Thermal Power Plant;4433;Industrial point source;;Buenos Aires;-35.100081;-57.483894;;25;;;;2021;CAMMESA;2.697170552
CT MATHEU II - APR ENERGY;;Fossil Thermal Power Plant;1875;Industrial point source;;Buenos Aires;-34.39580865;-58.83489199;;229;;;;2021;CAMMESA;1.94819592
CT MIRAMAR I - ENERGYST;;Fossil Thermal Power Plant;23587;Industrial point source;;Buenos Aires;-38.24736618;-57.82379749;;20;;;;2021;CAMMESA;2.697170552
CT ORAN - SECCO;;Fossil Thermal Power Plant;3717;Industrial point source;;Salta;-23.1386542;-64.31143463;;15;;;;2021;CAMMESA;2.697170552
CT PARQUE INDUSTR.CATAM-SECCO;;Fossil Thermal Power Plant;8843;Industrial point source;;Catamarca;-28.52995995;-65.80098711;;15;;;;2021;CAMMESA;2.697170552
CT PASO LA PATRIA-TURBODISEL;;Fossil Thermal Power Plant;1189;Industrial point source;;Corrientes;-27.32287605;-58.56667495;;7.2;;;;2021;CAMMESA;2.697170552
CT PEREZ - SECCO;;Fossil Thermal Power Plant;109776;Industrial point source;;Santa Fe;-33.01941125;-60.82494636;;81.088;;;;2021;CAMMESA;2.654963545
CT PIEDRABUENA MG(L.LATA);;Fossil Thermal Power Plant;173945;Industrial point source;;Buenos Aires;-38.03244943;-62.3371078;;100.02;;;;2021;CAMMESA;2.60588246
CT PILAR - EPEC;;Fossil Thermal Power Plant;1055603;Industrial point source;;Córdoba;-31.66577634;-63.83191433;;466;;;;2021;CAMMESA;2.247785773
CT PILAR BS AS- PAMPA ENERGÍA;;Fossil Thermal Power Plant;187528;Industrial point source;;Buenos Aires;-34.2986356;-58.95101224;;100.398;;;;2021;CAMMESA;2.624673504
CT PIRANE - SULLAIR;;Fossil Thermal Power Plant;10675;Industrial point source;;Formosa;-25.67861;-59.07556;;16.25;;;;2021;CAMMESA;2.697170552
CT PRESIDENCIA ROCA;;Fossil Thermal Power Plant;1276;Industrial point source;;Chaco;-26.15352072;-59.60000813;;6;;;;2021;CAMMESA;2.697170552
CT RAFAELA - SECCO;;Fossil Thermal Power Plant;7300;Industrial point source;;Santa Fe;-31.25667;-61.52028;;19.2;;;;2021;CAMMESA;2.697170552
CT REALICO - SECCO;;Fossil Thermal Power Plant;6721;Industrial point source;;La Pampa;-35.055;-64.24056;;24;;;;2021;CAMMESA;2.697170552
CT RENOVA - ALBANESI ENERGIA;;Fossil Thermal Power Plant;457321;Industrial point source;;Santa Fe;-32.60348225;-60.79474192;;172;;;;2021;CAMMESA;2.168482577
CT RIO TERCERO II - SoENERGY;;Fossil Thermal Power Plant;30138;Industrial point source;;Córdoba;-32.16105961;-64.15478473;;60;;;;2021;CAMMESA;2.306401179
CT ROCA SA;;Fossil Thermal Power Plant;502028;Industrial point source;;Río Negro;-38.64532632;-67.6716524;;193.13;;;;2021;CAMMESA;2.135439578
CT RUFINO Sta Fe - ENARSA;;Fossil Thermal Power Plant;8965;Industrial point source;;Santa Fe;-34.28871794;-62.66959238;;31.9;;;;2021;CAMMESA;2.697170552
CT SAENZ PEÑA - APR ENERGY;;Fossil Thermal Power Plant;3654;Industrial point source;;Chaco;-26.81555556;-60.41138889;;20;;;;2021;CAMMESA;2.697170552
CT SAENZ PEÑA II- AGGREKO;;Fossil Thermal Power Plant;4626;Industrial point source;;Chaco;-26.81477999;-60.41267637;;15;;;;2021;CAMMESA;2.697170552
CT SALTO 2 - SoENERGY;;Fossil Thermal Power Plant;103648;Industrial point source;;Buenos Aires;-34.20426055;-60.24871635;;63;;;;2021;CAMMESA;2.306401179
CT SAN MARTIN Chaco;;Fossil Thermal Power Plant;1320;Industrial point source;;Chaco;-26.55845431;-59.32413238;;15;;;;2021;CAMMESA;2.697170552
CT SAN PEDRO - CIERRE CC;;Fossil Thermal Power Plant;33804;Industrial point source;;Buenos Aires;-33.77667601;-59.72699232;;50.46;;;;2021;CAMMESA;1.94819592
CT SAN PEDRO - SPI ENERGY SA;;Fossil Thermal Power Plant;46087;Industrial point source;;Buenos Aires;-33.77822014;-59.72715283;;108;;;;2021;CAMMESA;2.266510139
CT SAN SALVADOR E.Rios -ENARSA;;Fossil Thermal Power Plant;1815;Industrial point source;;Entre Ríos;-31.60970051;-58.48874915;;10.8;;;;2021;CAMMESA;2.697170552
CT SAN VICENTE BsAs - ENARSA;;Fossil Thermal Power Plant;4595;Industrial point source;;Buenos Aires;-35.04344836;-58.32534848;;27.6;;;;2021;CAMMESA;2.697170552
CT SANTA ROSA -TURBODISEL;;Fossil Thermal Power Plant;1988;Industrial point source;;Corrientes;-28.26247793;-58.12262641;;7.2;;;;2021;CAMMESA;2.697170552
CT TEREVINTOS - SECCO;;Fossil Thermal Power Plant;2652;Industrial point source;;Catamarca;-28.42876224;-65.78746942;;8;;;;2021;CAMMESA;2.697170552
CT TINOGASTA - SULLAIR;;Fossil Thermal Power Plant;4169;Industrial point source;;Catamarca;-28.04904452;-67.56608993;;15;;;;2021;CAMMESA;2.697170552
CT VENADO TUERTO - SECCO;;Fossil Thermal Power Plant;7617;Industrial point source;;Santa Fe;-33.75246685;-61.99327364;;19.2;;;;2021;CAMMESA;2.697170552
CT VIALE - AGGREKO;;Fossil Thermal Power Plant;4529;Industrial point source;;Entre Ríos;-31.89194;-60.01056;;10;;;;2021;CAMMESA;2.697170552
CT VILLA ANGELA - AGGREKO;;Fossil Thermal Power Plant;4977;Industrial point source;;Chaco;-27.60214589;-60.74649601;;15;;;;2021;CAMMESA;2.697170552
CT VILLA GESELL-CATLANT.;;Fossil Thermal Power Plant;333196;Industrial point source;;Buenos Aires;-37.24848426;-56.99724588;;80;;;;2021;CAMMESA;2.168482577
CT VILLA MARIA CIERRE CC-UENSA;;Fossil Thermal Power Plant;630749;Industrial point source;;Córdoba;-32.42693676;-63.17188574;;105.1;;;;2021;CAMMESA;2.318567991
CT VILLA OCAMPO - SECCO;;Fossil Thermal Power Plant;32945;Industrial point source;;Santa Fe;-28.51609309;-59.34577171;;50.35;;;;2021;CAMMESA;2.934725729
CT VUELTA DE OBLIGADO;;Fossil Thermal Power Plant;1829953;Industrial point source;;Santa Fe;-32.48882628;-60.79097087;;846.565;;;;2021;CAMMESA;2.306401179
CT ZAPPALORTO - APR ENERGY;;Fossil Thermal Power Plant;15249;Industrial point source;;Buenos Aires;-34.71869221;-58.73797554;;109.04;;;;2021;CAMMESA;2.152461729
EDECAT GENERACION;;Fossil Thermal Power Plant;397;Industrial point source;;Catamarca;-28.19232818;-65.11339956;;4.8;;;;2021;CAMMESA;2.697170552
EDELAR GENERACION;;Fossil Thermal Power Plant;18733;Industrial point source;;La Rioja;;;;19.48;;;;2021;CAMMESA;2.697170552
EDEN GENERACION;;Fossil Thermal Power Plant;1627;Industrial point source;;Buenos Aires;-34.05179982;-58.92965791;;27.728;;;;2021;CAMMESA;2.697170552
ELECTROPATAGONIA-C.RIV-C.COMB.;;Fossil Thermal Power Plant;15137;Industrial point source;;Chubut;-45.79136316;-67.52324552;;63;;;;2021;CAMMESA;1.94819592
EMP.DIS.S.ESTERO GENERACION;;Fossil Thermal Power Plant;4901;Industrial point source;;Santiago del Estero;;;;6.05;;;;2021;CAMMESA;2.697170552
EMSA GENERACION;;Fossil Thermal Power Plant;10472;Industrial point source;;Misiones;;;;33.244;;;;2021;CAMMESA;2.697170552
ENDESA COSTANERA SA;;Fossil Thermal Power Plant;2518331;Industrial point source;;Buenos Aires;-34.62334842;-58.34179385;;2303.6;;;;2021;CAMMESA;2.263968409
ENERGIA DEL SUR S.A.;;Fossil Thermal Power Plant;226761;Industrial point source;;Chubut;-45.79337549;-67.51392216;;125.1;;;;2021;CAMMESA;1.94819592
EPEC GENERACION;;Fossil Thermal Power Plant;15814;Industrial point source;;Córdoba;;;;275.482;;;;2021;CAMMESA;2.181070385
GEN.MEDITERRANEA (CONT.PLUS);;Fossil Thermal Power Plant;36744;Industrial point source;;Córdoba;-33.15913174;-64.36424725;;120;;;;2021;CAMMESA;2.197854131
GEN.MEDITERRANEA GRUPO 5;;Fossil Thermal Power Plant;27675;Industrial point source;;Córdoba;-33.15913174;-64.36424725;;60;;;;2021;CAMMESA;2.197854131
GENELBA - PETROBRAS;;Fossil Thermal Power Plant;1898589;Industrial point source;;Buenos Aires;-34.9038311;-58.73254676;;684.4;;;;2021;CAMMESA;1.94819592
GENELBA - RES.287;;Fossil Thermal Power Plant;1396334;Industrial point source;;Buenos Aires;-34.9038311;-58.73254676;;381.19;;;;2021;CAMMESA;1.94819592
GENERACION FRIAS S.A.;;Fossil Thermal Power Plant;15755;Industrial point source;;Santiago del Estero;-28.56386859;-65.12249001;;60;;;;2021;CAMMESA;2.269185048
GENERACION INDEPENDENCIA S.A.;;Fossil Thermal Power Plant;28961;Industrial point source;;Tucumán;-26.86672994;-65.22196012;;120;;;;2021;CAMMESA;2.272076842
GENERACION LA BANDA S.A.;;Fossil Thermal Power Plant;2514;Industrial point source;;Santiago del Estero;-27.7529612;-64.26512026;;26;;;;2021;CAMMESA;2.12103622
GENERACION MEDITERRANEA;;Fossil Thermal Power Plant;6470;Industrial point source;;Córdoba;-32.94821426;-64.37649144;;68;;;;2021;CAMMESA;2.197854131
GENERACION MEDITERRANEA 220;;Fossil Thermal Power Plant;31381;Industrial point source;;Córdoba;-32.94821426;-64.37649144;;94.961;;;;2021;CAMMESA;2.2923194
GENERACION RIOJANA SA;;Fossil Thermal Power Plant;13132;Industrial point source;;La Rioja;-29.38221469;-66.83430162;;88;;;;2021;CAMMESA;2.315874376
GENERADORA Córdoba S.A.;;Fossil Thermal Power Plant;1537;Industrial point source;;Córdoba;-32.13195934;-64.15615033;;26;;;;2021;CAMMESA;2.381812812
GENERADORA ELEC.Tucumán SA;;Fossil Thermal Power Plant;9198;Industrial point source;;Tucumán;-26.99427143;-65.16588094;;232;;;;2021;CAMMESA;1.94819592
HIDROTERMICA SAN JUAN;;Fossil Thermal Power Plant;6068;Industrial point source;;San Juan;-31.51232265;-68.53794739;;30;;;;2021;CAMMESA;2.152461729
LA PLATA COGENERACION SA;;Fossil Thermal Power Plant;339665;Industrial point source;;Buenos Aires;-34.88934876;-57.92261647;;128;;;;2021;CAMMESA;1.94819592
LEDESMA SAAI;;Fossil Thermal Power Plant;7544;Industrial point source;;Jujuy;-23.82178298;-64.78451309;;;;;;2021;CAMMESA;1.94819592
LUJAN DE CUYO COGENERAC.PUERTO;;Fossil Thermal Power Plant;265976;Industrial point source;;Mendoza;-33.05228875;-68.97986675;;95.32;;;;2021;CAMMESA;1.94819592
MOLINOS AGRO AG.(Ex.Mol Rio P);;Fossil Thermal Power Plant;222;Industrial point source;;Santa Fe;;;;;;;;2021;CAMMESA;1.94819592
MOTOGENERADORES COSTANERA;;Fossil Thermal Power Plant;47985;Industrial point source;;Buenos Aires;-34.62294757;-58.34179446;;35.6;;;;2021;CAMMESA;2.922222825
NIDERA SAFORCADA-Junin;;Fossil Thermal Power Plant;20;Industrial point source;;Buenos Aires;-34.58607819;-61.06726008;;;;;;2021;CAMMESA;1.94819592
PAMPA ENERGIA SA;;Fossil Thermal Power Plant;78724;Industrial point source;;Salta;-24.68842844;-65.04387511;;295.25;;;;2021;CAMMESA;1.94819592
REFINERIA LA PLATA AUTOG;;Fossil Thermal Power Plant;10998;Industrial point source;;Buenos Aires;-34.88980716;-57.92284166;;;;;;2021;CAMMESA;1.94819592
SHELL CAPSA PTA. DOCK SUD;;Fossil Thermal Power Plant;25501;Industrial point source;;Buenos Aires;-34.65330519;-58.34357618;;;;;;2021;CAMMESA;1.94819592
SIDERAR PTA. IND. SAN NICOLAS;;Fossil Thermal Power Plant;31;Industrial point source;;Buenos Aires;-33.35478022;-60.1730117;;;;;;2021;CAMMESA;1.94819592
SINOPEC Arg. - El Huemul;;Fossil Thermal Power Plant;29407;Industrial point source;;Santa Cruz;-49.33023006;-72.88361232;;;;;;2021;CAMMESA;1.94819592
SINOPEC Arg. - Meseta Espinosa;;Fossil Thermal Power Plant;13683;Industrial point source;;Santa Cruz;;;;;;;;2021;CAMMESA;1.94819592
SOLALBAN ENERGIA SA;;Fossil Thermal Power Plant;42405;Industrial point source;;Buenos Aires;-38.78541148;-62.25754249;;;;;;2021;CAMMESA;1.94819592
TERMINAL 6 COGENERACION PUERTO;;Fossil Thermal Power Plant;209988;Industrial point source;;Santa Fe;-32.66237097;-60.74916497;;380.04;;;;2021;CAMMESA;2.210337041
TERMOELE. JOSE SAN MARTIN S.A;;Fossil Thermal Power Plant;2045982;Industrial point source;;Santa Fe;-32.57020631;-60.79050355;;865.14;;;;2021;CAMMESA;2.297717415
TERMOELECTRICA GUILLERMO BROWN;;Fossil Thermal Power Plant;1021465;Industrial point source;;Buenos Aires;-38.68206102;-62.42135034;;582.6;;;;2021;CAMMESA;2.236263086
TERMOELECTRICA M.BELGRANO S.A.;;Fossil Thermal Power Plant;2150020;Industrial point source;;Buenos Aires;-34.14974236;-59.00582295;;873;;;;2021;CAMMESA;2.236263086
YAC.ENTRE LOMAS AUTOGENERADOR;;Fossil Thermal Power Plant;27680;Industrial point source;;Río Negro;-38.13400181;-68.00363319;;;;;;2021;CAMMESA;1.94819592
YPF Autogenerador Pza. Huincul;;Fossil Thermal Power Plant;161867;Industrial point source;;Neuquén;-38.92994561;-69.16904786;;;;;;2021;CAMMESA;1.94819592
YPF CT MANANTIALES BEHR II AG;;Fossil Thermal Power Plant;8767;Industrial point source;;Chubut;-45.63426933;-67.80866884;;;;;;2021;CAMMESA;1.94819592
YPF EL TREBOL CT MANANT. BEHR;;Fossil Thermal Power Plant;6;Industrial point source;;Chubut;-45.67203528;-67.75657658;;;;;;2021;CAMMESA;1.94819592
YPF ENERGÍA ELECTR.ex PLUSPETG;;Fossil Thermal Power Plant;1400041;Industrial point source;;Tucumán;;;;829;;;;2021;CAMMESA;1.94819592
YPF LA PLATA COGENERACION;;Fossil Thermal Power Plant;228277;Industrial point source;;Buenos Aires;-34.89017736;-57.92279843;;90.2;;;;2021;CAMMESA;2.135439578
YPF LOS PERALES AUTOG;;Fossil Thermal Power Plant;68352;Industrial point source;;Santa Cruz;-46.1958354;-69.26507537;;;;;;2021;CAMMESA;1.94819592
YPF YAC P.HERNANDEZ AUTOG;;Fossil Thermal Power Plant;26;Industrial point source;;Neuquén;-37.29578133;-69.06655773;;;;;;2021;CAMMESA;1.94819592
BIOGAS CT AVELLANEDA SECCO;;Biogas Power Plant;41391;Biogenic point source;;Santa Fe;-29.1177703;-59.64047481;Electrical energy;6.3;;;;2022;CAMMESA/Bio4;18
CENTRAL BIOELECTRICA R.CUARTO1;;Biogas Power Plant;13140;Biogenic point source;;Córdoba;-33.17984121;-64.3831869;Electrical energy;2;;;;2022;CAMMESA/Bio4;18
C.BIOELECT.R.CUARTO1 REN2;;Biogas Power Plant;10249.2;Biogenic point source;;Córdoba;-33.17824283;-64.37979659;Electrical energy;1.56;;;;2022;CAMMESA/Bio4;18
C.BIOELECT.R.CUARTO2 REN1;;Biogas Power Plant;7884;Biogenic point source;;Córdoba;-33.18287626;-64.38488206;Electrical energy;1.2;;;;2022;CAMMESA/Bio4;18
C.BIOELECT.R.CUARTO2 REN2;;Biogas Power Plant;7884;Biogenic point source;;Córdoba;-33.18400764;-64.38492497;Electrical energy;1.2;;;;2022;CAMMESA/Bio4;18
BIOGAS CTBG CITRUSVIL-ALCOVIL;;Biogas Power Plant;19710;Biogenic point source;;Tucumán;-26.84580608;-65.13499577;Electrical energy;3;;;;2022;CAMMESA/Bio4;18
BIOGAS RS CT ENSENADA SECCO;;Biogas Power Plant;34821;Biogenic point source;;Buenos Aires;-34.86081282;-57.96314619;Electrical energy;5.3;;;;2022;CAMMESA/Bio4;18
CTBG GENERAL ALVEAR;;Biogas Power Plant;6570;Biogenic point source;;Buenos Aires;-36.01532605;-60.10616456;Electrical energy;1;;;;2022;CAMMESA/Bio4;18
BIOGAS CTBG GIGENA I;;Biogas Power Plant;7884;Biogenic point source;;Córdoba;-32.78552086;-64.19518873;Electrical energy;1.2;;;;2022;CAMMESA/Bio4;18
BIOGAS CTBG JUSTO DARACT;;Biogas Power Plant;6570;Biogenic point source;;San Luis;-33.9234622;-65.15093963;Electrical energy;1;;;;2022;CAMMESA/Bio4;18
BIOGAS CTBG PACUCA BIO ENERGÍA;;Biogas Power Plant;6570;Biogenic point source;;Buenos Aires;-35.38242174;-59.44253713;Electrical energy;1;;;;2022;CAMMESA/Bio4;18
BIOGAS CTBG PERGAMINO;;Biogas Power Plant;15768;Biogenic point source;;Buenos Aires;-33.92388171;-60.53821415;Electrical energy;2.4;;;;2022;CAMMESA/Bio4;18
C.T.SAN MARTIN NORTE 3A;;Biogas Power Plant;33507;Biogenic point source;;Buenos Aires;-34.5315305;-58.6087694;Electrical energy;5.1;;;;2022;CAMMESA/Bio4;18
CT SAN MIGUEL NORTE III-ENARSA;;Biogas Power Plant;75555;Biogenic point source;;Buenos Aires;-34.52484812;-58.61664438;Electrical energy;11.5;;;;2022;CAMMESA/Bio4;18
ENERGIA AGRO S.A.U;;Biogas Power Plant;9296.55;Biogenic point source;;Santa Fe;-34.18229245;-62.05263989;Electrical energy;1.415;;;;2022;CAMMESA/Bio4;18
BIOGAS CTBG TIGONBU;;Biogas Power Plant;13140;Biogenic point source;;San Luis;-34.7468824;-65.24745477;Electrical energy;2;;;;2022;CAMMESA/Bio4;18
BIOGAS CTBG VILLA DEL ROS. CGY;;Biogas Power Plant;6570;Biogenic point source;;Córdoba;-31.57330076;-63.55084309;Electrical energy;1;;;;2022;CAMMESA/Bio4;18
BIOGAS CTBG VENADO TUERTO;;Biogas Power Plant;13797;Biogenic point source;;Santa Fe;-33.69118337;-62.04103717;Electrical energy;2.1;;;;2022;CAMMESA/Bio4;18
BIO ENERGÍA YANQUETRUZ S.A.;;Biogas Power Plant;9855;Biogenic point source;;San Luis;-33.3801343;-65.58307536;Electrical energy;1.5;;;;2022;CAMMESA/Bio4;18
BIOGAS CTBG ENRECO;;Biogas Power Plant;13140;Biogenic point source;;Córdoba;-33.41661903;-62.48488564;Electrical energy;2;;;;2022;CAMMESA/Bio4;18
CTBG BIO ENERGÍA YANQUETRUZ II;;Biogas Power Plant;5256;Biogenic point source;;San Luis;-33.37826423;-65.56900085;Electrical energy;0.8;;;;2022;CAMMESA/Bio4;18
CTBG BIO. SANTA CATALINA;;Biogas Power Plant;13140;Biogenic point source;;Córdoba;-33.17284854;-64.40235703;Electrical energy;2;;;;2022;CAMMESA/Bio4;18
BIOGAS CTBG AB ENERGÍA;;Biogas Power Plant;13140;Biogenic point source;;La Pampa;-37.7688202;-67.70917058;Electrical energy;2;;;;2022;CAMMESA/Bio4;18
CT BIOMASA MM BIOENERGÍA;;Biogas Power Plant;19710;Biogenic point source;;Misiones;-27.62976944;-55.43596538;Electrical energy;3;;;;2022;CAMMESA/Bio4;18
CTBRS SAN MARTÍN NORTE III-D;;Biogas Power Plant;33507;Biogenic point source;;Buenos Aires;-34.52028708;-58.62735174;Electrical energy;5.1;;;;2022;CAMMESA/Bio4;18
BIOGAS CTBG ARRE BEEF SA;;Biogas Power Plant;9855;Biogenic point source;;Buenos Aires;-33.76336033;-60.09148466;Electrical energy;1.5;;;;2022;CAMMESA/Bio4;18
BIOGAS CT RESENER SA;;Biogas Power Plant;5256;Biogenic point source;;Buenos Aires;-38.69554547;-62.46569561;Electrical energy;0.8;;;;2022;CAMMESA/Bio4;18
CTBG POLLOS SAN MATEO;;Biogas Power Plant;15768;Biogenic point source;;Córdoba;-31.19186042;-64.28926368;Electrical energy;2.4;;;;2022;CAMMESA/Bio4;18
CTBG GENERAL VILLEGAS Ren 2;;Biogas Power Plant;8015.4;Biogenic point source;;Buenos Aires;-34.99825504;-62.99354435;Electrical energy;1.22;;;;2022;CAMMESA/Bio4;18
YPF Plaza Huincul;YPF SA;Methanol;275370;Industrial point source;;Neuquén;-38.92880502;-69.18029111;Methanol;411000;;;Lurgi;2021;Estimated. See sources and methodology;0.67
Arauco General San Martin;Arauco Argentina S.A. ;Methanol;33500;Industrial point source;;Santa Fe;-32.65892352;-60.73470953;Methanol;50000;;;Lurgi;2021;Estimated. See sources and methodology;0.67
La Plata Refinery;YPF SA;Refinery;2224965.517;Industrial point source;;Buenos Aires;-34.88514453;-57.91350126;Combustible;190000;;;;;Estimated. See sources and methodology;
Lujan de Cuyo Refinery;YPF SA;Refinery;1229586.207;Industrial point source;;Mendoza;-33.07089296;-68.97531701;Combustible;105000;;;;;Estimated. See sources and methodology;
Plaza Huincul Refinery;YPF SA;Refinery;292758.6207;Industrial point source;;Neuquén;-38.9288127;-69.18736154;Combustible;25000;;;;;Estimated. See sources and methodology;
Raizen Dock Sud;Raizen;Refinery;1171034.483;Industrial point source;;Buenos Aires;-34.64167707;-58.33684622;Combustible;100000;;;;;Estimated. See sources and methodology;
Axion Campana Refinery;PAE;Refinery;1171034.483;Industrial point source;;Buenos Aires;-34.15453734;-58.95403325;Combustible;100000;;;;;Estimated. See sources and methodology;
REFINOR Campo Duran Refinery;;Refinery;351310.3448;Industrial point source;;Salta;-22.20022216;-63.66914578;;30000;;;;;Estimated. See sources and methodology;
TRAFIGURA Bahia Blanca Refinery;;Refinery;351310.3448;Industrial point source;;Buenos Aires;-38.72155716;-62.29859593;;30000;;;;;Estimated. See sources and methodology;
PAMPA ENERGIA SA;;Etileno;25916;Industrial point source;Pto General San Martín;Santa Fe;-32.69234971;-60.73547591;Etileno;31000;;;Fish;2021;Estimated. See sources and methodology;0.836
PBB Polisur S.A.;;Etileno;229900;Industrial point source;Bahia Blanca;Buenos Aires;-38.65309984;-62.28055105;Etileno;275000;;;Linde;2021;Estimated. See sources and methodology;0.836
PBB Polisur S.A.;;Etileno;355300;Industrial point source;Bahia Blanca;Buenos Aires;-38.65309984;-62.28055105;Etileno;425000;;;CF Braun/Dow Chem.;2021;Estimated. See sources and methodology;0.836
CT BIOMASA GARRUCHOS;;Biomass Power Plant;257714.3512;Biogenic point source;;Corrientes;-27.94617937;-56.00073193;;36;255922.891;;;;Estimated. See sources and methodology;1.007
CTBM. GENERACIÓN LAS JUNTURAS;;Biomass Power Plant;60021.67209;Biogenic point source;;Córdoba;-31.83992999;-63.44270922;;0.6;59604.441;;;;Estimated. See sources and methodology;1.007
CTBM INGENIO LEALES;;Biomass Power Plant;5855.11087;Biogenic point source;;Tucumán;-27.07223015;-65.23077638;;2;5814.41;;;;Estimated. See sources and methodology;1.007
CT BIOMASA SANTA ROSA CORRIENTES;;Biomass Power Plant;122490.2061;Biogenic point source;;Corrientes;-28.23787262;-58.06779436;;15;121638.735;;;;Estimated. See sources and methodology;1.007
CT BIOMASA LA ESCONDIDA CHACO;;Biomass Power Plant;40100.60094;Biogenic point source;;Chaco;-27.1024196;-59.44379683;;10;39821.848;;;;Estimated. See sources and methodology;1.007
CTBM BIOMASA UNITAN SEIS MEGA;;Biomass Power Plant;1307.533108;Biogenic point source;;Chaco;-27.37139972;-59.08705038;;6.7;1298.444;;;;Estimated. See sources and methodology;1.007
ALTO PARANA-PTO.PIRAY;;Biomass Power Plant;88234.82331;Biogenic point source;;Misiones;-26.47536011;-54.72039929;;;87621.473;;;;Estimated. See sources and methodology;1.007
ARCOR ING.LA PROVIDENCIA;;Biomass Power Plant;16590.35018;Biogenic point source;;Tucumán;-27.2644536;-65.56637912;;;16475.025;;;;Estimated. See sources and methodology;1.007
AZUCARERA JUAN M.TERAN SA;;Biomass Power Plant;6297.718587;Biogenic point source;;Tucumán;-27.45834206;-65.60604599;;;6253.941;;;;Estimated. See sources and methodology;1.007
CT BIOMASA MM BIOENERGÍA;;Biomass Power Plant;13977.00694;Biogenic point source;;Misiones;-27.63019753;-55.43580567;;;13879.848;;;;Estimated. See sources and methodology;1.007
CT PRODEMAN BIOENERGÍA;;Biomass Power Plant;60021.67209;Biogenic point source;;Córdoba;-32.79407682;-63.86537614;;;59604.441;;;;Estimated. See sources and methodology;1.007
ECO-ENERGIA S.A.BIOMASA;;Biomass Power Plant;18829.89501;Biogenic point source;;Misiones;-26.02800244;-54.58478971;;;18699.002;;;;Estimated. See sources and methodology;1.007
GENERACION TICINO BIOMASA SA;;Biomass Power Plant;25099.65022;Biogenic point source;;Córdoba;-32.70126887;-63.43327446;;;24925.174;;;;Estimated. See sources and methodology;1.007
Ingenio y Ref.S.Martin Tabacal;;Biomass Power Plant;98553.77889;Biogenic point source;;Salta;-23.2537127;-64.24116463;;;97868.698;;;;Estimated. See sources and methodology;1.007
NIDERA SAFORCADA-Junin;;Biomass Power Plant;12.292449;Biogenic point source;;Buenos Aires;-34.1667324;-61.06726849;;;12.207;;;;Estimated. See sources and methodology;1.007
PAPEL MISIONERO S.A.;;Biomass Power Plant;270.788342;Biogenic point source;;Misiones;-26.93529417;-55.12206674;;;268.906;;;;Estimated. See sources and methodology;1.007
