Name;Company;Type of industry;CO2 emissions [t];Type of source;Location (city);Provinc1028453ia;Location (latitude);Location (longitude);Primary product;Installed Capacity [t/a];Columna1;Utility of the installed capacity;Process;Year of emission data;Source CO2 emissions;CO2 factor [tCO2/tproduct];Generated energy [MWh] 2021;Quantity of fuel;Feedstock;Fuels;Source
Fábrica de aluminio de Aluar;Aluar;Aluminium;612057.6;Industrial point source;Puerto Madryn;Chubut;-42.63615141;-65.1028453;Aluminium;460000;;0.8316;;2021;estimated;1.6;;;;;
Bunge Campana;Bunge Argentina S.A;Ammonia;26486.46;Industrial point source;Campana;Buenos Aires;-34.09354048;-59.00465275;Ammonia;29700;;0.98;N-Ren;2021;estimated;0.91;;;Natural gas;;
Profertil Bahia Blanca;Profertil S.A.;Ammonia;710621;Industrial point source;Bahia Blanca;Buenos Aires;-38.78424491;-62.28168815;Ammonia;790000;;0.98;Haldor Topsoe;2021;Sustainability report Profertil 2021;1.25;;;Natural gas;;https://rs.profertil.com.ar/
Austin Powder;Austin Powder;Ammonia;53508;Industrial point source;El Galpón;Salta;-25.37919283;-64.65198658;Ammonia;60000;;0.98;Girdler Corp.;2021;estimated;0.91;;;Natural gas;;
Bioenergía la Corona;Bioenergia La Corona S.A.;Bioethanol;21600;Biogenic point source;Concepción;Tucumán;-27.3548157;-65.60294134;Bioethanol;25644.6;;0.8;;;estimated;1.052853232;;;Sugar Cane;;Carbio
Bioenergías Agropecuarias S.A.;BIOENERGÍASAGROPECUARIAS S.A.;Bioethanol;22000;Biogenic point source;General Obligado;Santa Fe;-28.48761165;-59.39684115;Bioethanol;26119.5;;0.8;;;estimated;1.052853232;;;Sugar Cane;;Carbio
Ingenio Santa Rosa;Bioenergía Santa Rosa S.A.;Bioethanol;21600;Biogenic point source;Monteros;Tucumán;-27.22139848;-65.51695443;Bioethanol;25644.6;;0.8;;;estimated;1.052853232;;;Sugar Cane;;Carbio
Ingenio Ledesma;Bio Ledesma S.A.;Bioethanol;66000;Biogenic point source;Libertador General San Martin;Jujuy;-23.82436777;-64.78800974;Bioethanol;78358.5;;0.8;;;estimated;1.052853232;;;Sugar Cane;;Carbio
Bio San Isidro;Bio San Isidro S.A.;Bioethanol;9000;Biogenic point source;Campo Santo;Salta;-24.6810765;-65.09802875;Bioethanol;10685.25;;0.8;;;estimated;1.052853232;;;Sugar Cane;;Carbio
Biotrinidad;Biotrinidad S.A.;Bioethanol;19200;Biogenic point source;San Miguel de Tucumán;Tucumán;-26.82826317;-65.20884372;Bioethanol;22795.2;;0.8;;;estimated;1.052853232;;;Sugar Cane;;Carbio
Compañía Bioenergética La Florida;Compañía Bioenergética La Florida S.A.;Bioethanol;83333.33333;Biogenic point source;La Florida;Tucumán;-26.81731107;-65.08538766;Bioethanol;98937.5;;0.8;;;estimated;1.052853232;;;Sugar Cane;;Carbio
Energías Ecológicas de Tucumán;Energías Ecológicas de Tucumán - Grupo Colombres;Bioethanol;22000;Biogenic point source;Aguilares;Tucumán;-27.4571049;-65.60985513;Bioethanol;26119.5;;0.8;;;estimated;1.052853232;;;Sugar Cane;;Carbio
Fronterita Energía S.A.;Fronterita Energia S.A.;Bioethanol;21333.33333;Biogenic point source;Juan XXIII;Tucumán;-27.0235712;-65.30157927;Bioethanol;25328;;0.8;;;estimated;1.052853232;;;Sugar Cane;;Carbio
Ingenio Río Grande;Rio Grande Energia S.A.;Bioethanol;14400;Biogenic point source;La Mendieta;Jujuy;-24.31258742;-64.9683694;Bioethanol;17096.4;;0.8;;;estimated;1.052853232;;;Sugar Cane;;Carbio
ACA;Aca Bio Cooperativa Ltda.;Bioethanol;83333.33333;Biogenic point source;Villa María;Córdoba;-32.41597156;-63.16162482;Bioethanol;98937.5;;0.8;;;estimated;1.052853232;;;Corn;;Carbio
Bio IV;Bioetanol Rio Cuarto A.A.;Bioethanol;66666.66667;Biogenic point source;Río Cuarto;Córdoba;-33.17998671;-64.38329425;Bioethanol;79150;;0.8;;;estimated;1.052853232;;;Corn;;Carbio
Diaser;Derivados San Luis;Bioethanol;61600;Biogenic point source;San Luis;San Luis;-33.32563333;-66.36372385;Bioethanol;73134.6;;0.8;;;estimated;1.052853232;;;Corn;;Carbio
Maíz Energía;MAÍZ ENERGÍA S.A.;Bioethanol;39200;Biogenic point source;Ciudad de Córdoba;Córdoba;-31.37191425;-64.18185929;Bioethanol;46540.2;;0.8;;;estimated;1.052853232;;;Corn;;Carbio
Promaíz;Promaiz S.A.;Bioethanol;146666.6667;Biogenic point source;Alejandro Roca;Córdoba;-33.36537538;-63.71712134;Bioethanol;174130;;0.8;;;estimated;1.052853232;;;Corn;;Carbio
Vicentin;Vicentin S.A.I.C.;Bioethanol;76666.66667;Biogenic point source;Avellaneda;Santa Fe;-31.62099492;-60.71499331;Bioethanol;91022.5;;0.8;;;estimated;1.052853232;;;Corn;;Carbio
Seaboard Energía Renovables y Alimentos;Seaboard Energía Renovables y Alimentos;Bioethanol;165000;Biogenic point source;Orán;Salta;-23.2022408;-64.29616772;Bioethanol;195896.25;;0.8;;;estimated;1.052853232;;;Sugar cane;;Carbio
Bioenergética Leales S.A.;Bioenergética Leales S.A.;Bioethanol;28000;Biogenic point source;Cevil Pozo;Tucumán;-26.84424771;-65.14264897;Bioethanol;33243;;0.8;;;estimated;1.052853232;;;Sugar cane;;Carbio
Bio Atar S.A.;Bio Atar S.A.;Bioethanol;44000;Biogenic point source;Alderetes;Tucumán;-26.83469939;-65.15279485;Bioethanol;52239;;0.8;;;estimated;1.052853232;;;Sugar cane;;Carbio
Arauco Argentina S.A. ;Arauco Argentina S.A. ;Pulp and paper;875000;Industrial point source;Puerto Esperanza;Misiones;-25.97573961;-54.63376934;Cellulose pulp;350000;;0.87;;;estimated;2.5;;;;;
Celulosa Argentina S.A.;Celulosa Argentina S.A.;Pulp and paper;416400;Industrial point source;Capitan Bermudez;Santa Fe;-32.73646168;-60.70218034;Cellulose pulp;166560;;0.92;;;estimated;2.5;;;;;
Papel Prensa S.A.I.C.F.;Papel Prensa S.A.I.C.F.;Pulp and paper;421762.5;Industrial point source;San Pedro;Buenos Aires;-33.7216403;-59.62774924;Cellulose pulp;168705;;0.66;;;estimated;2.5;;;;;
Papel Misionero;Papel Misionero;Pulp and paper;272137.5;Industrial point source;Puerto Leoni;Misiones;-26.93561856;-55.11980442;Cellulose pulp;108855;;0.9;;;estimated;2.5;;;;;
Papelera del NOA S.A.;Papelera del NOA S.A.;Pulp and paper;85425;Industrial point source;Río Blanco;Jujuy;-24.23195846;-65.23014529;Cellulose pulp;34170;;0.84;;;estimated;2.5;;;;;
Fábrica de Papel Ledesma;Fábrica de Papel Ledesma;Pulp and paper;212250;Industrial point source;Libertador General San Martín;Jujuy;-23.82765684;-64.79551334;Cellulose pulp;84900;;0.67;;;estimated;2.5;;;;;
Fana Química SA;Fana Química SA;Pulp and paper;4000;Industrial point source;San José;Entre Ríos;;;Cellulose pulp;1600;;0.41;;;estimated;2.5;;;;;
Fábrica L'Amalí;Loma Negra;Cement;2442352.941;Industrial point source;Olavarría;Buenos Aires;-37.03607735;-60.29810249;Cement;3200000;;;Integrada;2021;https://climatetrace.org/map/argentina-manufacturing-co2;0.519;;;;;https://www.lomanegra.com/nuestras-unidades/
Fábrica Olavarría;Loma Negra;Cement;1144852.941;Industrial point source;Olavarría;Buenos Aires;-36.93725544;-60.16484634;Cement;1500000;;;Integrada;2021;https://climatetrace.org/map/argentina-manufacturing-co2;0.519;;;;;https://www.lomanegra.com/nuestras-unidades/
Fábrica Sierras Bayas;Loma Negra;Cement;;Industrial point source;Sierras Bayas;Buenos Aires;-36.9383899;-60.16503118;Cement;;;;cerrada;2021;https://climatetrace.org/map/argentina-manufacturing-co2;0.519;;;;;https://www.lomanegra.com/nuestras-unidades/
Fábrica Barker;Loma Negra;Cement;;Industrial point source;Benito Juarez;Buenos Aires;-37.68283558;-59.388828;Cement;;;;Grinding (molienda);;;0.519;;;;;https://www.lomanegra.com/nuestras-unidades/
Planta Ramallo;Loma Negra;Cement;;Industrial point source;Ramallo;Buenos Aires;-33.38022978;-60.15325117;Cement;;;;Grinding (molienda);;;0.519;;;;;https://www.lomanegra.com/nuestras-unidades/
Fábrica Catamarca;Loma Negra;Cement;1373823.529;Industrial point source;El Alto;Catamarca;-28.46620076;-65.21491434;Cement;1800000;;;Integrada;2021;https://climatetrace.org/map/argentina-manufacturing-co2;0.519;;;;;https://www.lomanegra.com/nuestras-unidades/
Fábrica San Juan;Loma Negra;Cement;;Industrial point source;Rivadavia;San Juan;-31.54717154;-68.67430483;Cement;;;;Grinding (molienda);2021;https://climatetrace.org/map/argentina-manufacturing-co2;0.519;;;;;https://www.lomanegra.com/nuestras-unidades/
Fábrica Zapala;Loma Negra;Cement;305294.1176;Industrial point source;Zapala;Neuquén;-38.89661841;-70.03773085;Cement;400000;;;Integrada;2021;https://climatetrace.org/map/argentina-manufacturing-co2;0.519;;;;;https://www.lomanegra.com/nuestras-unidades/
Fábrica LomaSer;Loma Negra;Cement;;Industrial point source;Vicente Casares;Buenos Aires;-34.95797683;-58.64295248;Cement;;;;Blending;;;0.519;;;;;https://www.lomanegra.com/nuestras-unidades/
Planta Holcim Capdeville Mendoza;HOLCIM;Cement;534264.7059;Industrial point source;Las Heras;Mendoza;-32.7406102;-68.83721964;Cement;700000;;;;2021;https://climatetrace.org/map/argentina-manufacturing-co2;0.519;;;;;
Planta Holcim Malagueño;HOLCIM;Cement;2366029.412;Industrial point source;Malagueño;Córdoba;-31.47714495;-64.35835512;Cement;3100000;;;;;;0.519;;;;;
Planta Holcim Puesto Viejo;HOLCIM;Cement;763235.2941;Industrial point source;Puesto Viejo;Jujuy;-24.49038325;-64.9570812;Cement;1000000;;;;;;0.519;;;;;
Planta Holcim Campana;HOLCIM;Cement;;Industrial point source;Campana;Buenos Aires;-34.14560719;-59.02034634;Cement;;;;;;;0.519;;;;;
Planta Campana;Cementos Avellaneda;Cement;;Industrial point source;Campana;Buenos Aires;-34.16978546;-59.00184583;Cement;;;;;;;0.519;;;;;
San Jacinto;Cementos Avellaneda;Cement;1831764.706;Industrial point source;Olavarría;Buenos Aires;-36.98156278;-60.24814569;Cement;2400000;;;;;;0.519;;;;;
El Grande;Cementos Avellaneda;Cement;839558.8235;Industrial point source;La Calera;San Luis;-32.799973;-66.85763867;Cement;1100000;;;;;;0.519;;;;;
Fábrica Comodoro Rivadavia;PCR;Cement;;Industrial point source;Comodoro Rivadavia;Chubut;-45.80214455;-67.4236816;Cement;;;;;2021;https://climatetrace.org/map/argentina-manufacturing-co2;0.519;;;;;
Fábrica Pico Truncado;PCR;Cement;457941.1765;Industrial point source;Pico Truncado;Santa Cruz;-46.78713825;-67.92954422;Cement;600000;;;;;;0.519;;;;;
Planta siderúrgica Ternium Siderar;Ternium Argentina S.A.;Steel;5286272;Industrial point source;Ramallo/San Nicolas;Buenos Aires;-33.32260493;-60.15945416;Slabs and hot rolled flat products . cold rolled flat products . tinplate;3200000;;0.59375;Blast Furnace - Basic Oxygen Furnace (BF-BOF);2021;https://climatetrace.org/map/argentina-manufacturing-co2;1.65196;;;;;https://www.gem.wiki/Planta_sider%C3%BArgica_Ternium_Siderar
;Ternium Argentina S.A.;Steel;;Industrial point source;Ensenada;Buenos Aires;-34.80606584;-57.92924997;Cold rolled flat products ;;;;;;;;;;;;
;Ternium Argentina S.A.;Steel;;Industrial point source;Haedo;Buenos Aires;-34.58262707;-58.63146321;Galvanized. electro zinced and prepainted ;;;;;;;;;;;;
;Ternium Argentina S.A.;Steel;;Industrial point source;Canning;Buenos Aires;-34.79942658;-58.51610678;Galvanized. electro zinced and prepainted ;;;;;;;;;;;;
;Ternium Argentina S.A.;Steel;;Industrial point source;Florencio Varela;Buenos Aires;-34.72722318;-58.18102379;Galvanized. electro zinced and prepainted ;;;;;;;;;;;;
;Ternium Argentina S.A.;Steel;;Industrial point source;Rosario;Santa Fe;-32.88917097;-60.70918231;Seam pipes;;;;;;;;;;;;
Planta siderúrgica TenarisSiderca;Ternaris S.A. / Siderca S.A.I.C.;Steel;650000;Industrial point source;Campana;Buenos Aires;-34.152554;-58.977388;Seamless pipes ;1300000;;0.538461538;Electric Arc Furnace (EAF);2021;https://climatetrace.org/map/argentina-manufacturing-co2;0.5;;;;;https://www.gem.wiki/Planta_sider%C3%BArgica_TenarisSiderca
;Ternaris S.A. / Siderca S.A.I.C.;Steel;;Industrial point source;Valentin Alsina;Buenos Aires;-34.66288154;-58.40681255;Seam pipes ;;;;;;;;;;;;
;Ternaris S.A. / Siderca S.A.I.C.;Steel;;Industrial point source;Villa Constitución;Santa Fe;-33.23981167;-60.31761739;Seam pipes ;;;;;;;;;;;;
;Ternaris S.A. / Siderca S.A.I.C.;Steel;;Industrial point source;Villa Mercedes;San Luis;-34.69235624;-58.54186997;Sucker rods and accesories ;;;;;;;;;;;;
Planta siderúrgia ArcelorMittal Acindar;Acindar Industria Argentina de Aceros S.A.;Steel;1015000;Industrial point source;Villa Constitución;Santa Fe;-33.256309;-60.292472;Billets. rolled non-flat products ;1750000;;0.628571429;Electric Arc Furnace (EAF);2021;https://climatetrace.org/map/argentina-manufacturing-co2;0.58;;;;;https://www.gem.wiki/Planta_sider%C3%BArgica_ArcelorMittal_Acindar
;Acindar Industria Argentina de Aceros S.A.;Steel;;Industrial point source;Rosario;Santa Fe;-32.97077123;-60.72206377;Billets. rolled non-flat products ;;;;;;;;;;;;
;Acindar Industria Argentina de Aceros S.A.;Steel;;Industrial point source;La Tablada;Buenos Aires;;;Billets. rolled non-flat products ;;;;;;;;;;;;
;Acindar Industria Argentina de Aceros S.A.;Steel;;Industrial point source;San Nicolas;Buenos Aires;-33.34700797;-60.25863236;Billets. rolled non-flat products ;;;;;;;;;;;;
;Acindar Industria Argentina de Aceros S.A.;Steel;;Industrial point source;Villa Mercedes;San Luis;-33.72087734;-65.46444205;Billets. rolled non-flat products ;;;;;;;;;;;;
Planta Siderurgica ACERBRAG;Acerbrag S.A. (grupo brasileño Votorantim);Steel;;Industrial point source;Bragado;Buenos Aires;-35.13711789;-60.4520892;Rolled non-flat products ;250000;;;Electric Arc Furnace (EAF);;;;;;;;
Aceros Zapla;Aceros Zapla S.A.;Steel;;Industrial point source;Palpalá;Jujuy;-24.2460988;-65.19816083;Billets. rolled non-flat products ;80000;;;Electric Arc Furnace (EAF);;;;;;;;http://www.aceroszapla.com.ar/empresa.php
Planta siderúrgica Gerdau Sipar Pérez;Gerdau SA;Steel;103031;Industrial point source;Pérez;Santa Fe;-32.9912336;-60.7588733;Rolled non-flat products ;650000;;0.207692308;Electric Arc Furnace (EAF);2021;https://climatetrace.org/map/argentina-manufacturing-co2;0.17746;;;;;https://www.gem.wiki/Planta_sider%C3%BArgica_Gerdau_Sipar_P%C3%A9rez
ALUAR SA - GENERADOR;Aluar;Thermal power plant;210445;Industrial point source;Puerto Madryn;Chubut;-42.7438848;-65.04839927;Electrical energy;189;;;;2021;CAMMESA;1.94819592;409248;108020.575;;;
ARCOR MARIO SEVESO ARROYITO;;Thermal power plant;93267;Industrial point source;;Córdoba;-31.42055514;-63.03885915;;;;;;2021;CAMMESA;1.94819592;130861;47873.521;;;
C. TERMICAS MENDOZA PLUS;;Thermal power plant;788702;Industrial point source;;Mendoza;-33.02787784;-68.89874272;;288.466;;;;2021;CAMMESA;1.94819592;2013663;404837.29;;;
C. TERMICAS MENDOZA SA;;Thermal power plant;297745;Industrial point source;;Mendoza;;;;203.77;;;;2021;CAMMESA;2.095930315;392428;145156.574;;;
C.COSTA ATLANTICA;;Thermal power plant;509899;Industrial point source;;Buenos Aires;-36.30875528;-56.63689546;;455.88;;;;2021;CAMMESA;2.347655665;565045;212680.081;;;
C.T. AES PARANA;;Thermal power plant;1717893;Industrial point source;;Buenos Aires;-32.97092569;-60.1538909;;869.51;;;;2021;CAMMESA;2.240478703;4138259;825465.086;;;
C.T. AGUA DEL CAJON;;Thermal power plant;1108638;Industrial point source;Neuquén;Neuquén;-38.93531878;-68.35746075;Electrical energy;184.4;;;;2021;CAMMESA;1.94819592;2355486;569058.692;;;
C.T. ALMIRANTE BROWN;Excell Power S.R.L.;Thermal power plant;7094;Industrial point source;Burazco;Buenos Aires;-34.83766034;-58.40568505;Electrical energy;25;;;;2021;CAMMESA;2.697170552;9498;2629.985;;;
C.T. LOMA DE LA LATA S.A.;C.T. LOMA DE LA LATA S.A.;Thermal power plant;1779653;Industrial point source;Neuquén;Neuquén;-38.51178974;-68.60637825;Electrical energy;675;;;;2021;CAMMESA;1.94819592;4189027;913487.854;;;
C.T. PATAGONICAS SA;CENTRALES TERMICAS PATAGONICAS S.A.;Thermal power plant;27712;Industrial point source;Comodoro Rivadavia;Chubut;-45.81390612;-67.44427712;Electrical energy;160;;;;2021;CAMMESA;1.94819592;29015;14224.528;;;
C.T. SALTA (TERMOANDES);AES;Thermal power plant;1004183;Industrial point source;Cobos;Salta;-24.74271171;-65.05151496;Electrical energy;642.7;;;;2021;CAMMESA;1.94819592;2667147;515442.405;;;
C.TERMICA ALTO VALLE;;Thermal power plant;198282;Industrial point source;Neuquén;Neuquén;-38.95161594;-68.02174487;Electrical energy;96;;;;2021;CAMMESA;1.94819592;344762;101777.385;;;
C.TERMICA GUEMES S.A.;;Thermal power plant;139062;Industrial point source;;Salta;-24.75718674;-65.34767737;;261;;;;2021;CAMMESA;1.94819592;230635;71379.909;;;
C.TERMICA SAN NICOLAS;AES;Thermal power plant;2158549;Industrial point source;San Nicolás de Los Arroyos;Buenos Aires;-33.35809074;-60.17476179;Electrical energy;675;;;;2021;CAMMESA;2.382121966;1822963;918096.312;;;
C.TERMICA SORRENTO;;Thermal power plant;20821;Industrial point source;;Santa Fe;-32.90624373;-60.68192663;;217;;;;2021;CAMMESA;2.356224249;22522;6898.553;;;
CAPEX S.A. AUTOGENERADOR;;Thermal power plant;1075683;Industrial point source;;Neuquén;-38.93576108;-68.35797573;;477.1;;;;2021;CAMMESA;1.94819592;2218394;552143.314;;;
CENTRAL DIQUE S.A.;CENTRAL DIQUE S.A.;Thermal power plant;478;Industrial point source;Ensenada;Buenos Aires;-34.88987358;-57.93335436;Electrical energy;55;;;;2021;CAMMESA;1.94819592;462;245.576;;;
CENTRAL DOCK SUD;Central Dock Sud;Thermal power plant;2101890;Industrial point source;Dock Sud;Buenos Aires;-34.65327861;-58.34352059;Electrical energy;869.5;;;;2021;CAMMESA;2.114634727;5377675;1055251.429;;;
CENTRAL PIEDRA BUENA S.A.;Pampa Energía;Thermal power plant;243763;Industrial point source;Ingeniero White;Buenos Aires;-38.78482523;-62.25607271;Electrical energy;;;;;2021;CAMMESA;2.40722779;311536;88615.26;;natural gas or fuel oil;
CENTRAL PUERTO SA;Central Puerto S.A.;Thermal power plant;3481800;Industrial point source;Luján de Cuyo;Mendoza;-33.05433167;-68.98071723;Electrical energy;1777;;;;2021;CAMMESA;2.41650066;6562913;1458106.405;;;
CENTRAL TÉRMICA LOMITA AUTOG.;;Thermal power plant;59300;Industrial point source;;Neuquén;;;;;;;;2021;CAMMESA;1.94819592;152400;30438.172;;;
CENTRAL TERMICA PIQUIRENDA;Pampa Energía;Thermal power plant;25963;Industrial point source;Piquirenda;Salta;-22.35004604;-63.76700533;Electrical energy;30.4;;;;2021;CAMMESA;1.94819592;52730;13326.478;;natural gas;
COOP. MNO. MORENO BS. AS.GENER;;Thermal power plant;668;Industrial point source;;Buenos Aires;;;;7;;;;2021;CAMMESA;2.697170552;888;247.837;;;
CT 9 de JULIO C Cost ATLANTICA;Centrales de la Costa Atlántica S.A.;Thermal power plant;221258;Industrial point source;Mar del Plata;Buenos Aires;-38.04949391;-57.54553583;Electrical energy;94.74;;;;2021;CAMMESA;2.247785773;369325;105531.342;;;
CT ACONCAGUA ENERGÍA AUTOGENER;;Thermal power plant;17;Industrial point source;;Mendoza;;;;;;;;2021;CAMMESA;1.94819592;23;8.875;;;
CT ALEM - AGGREKO;;Thermal power plant;35577;Industrial point source;;Misiones;-27.55844357;-55.28616792;;15;;;;2021;CAMMESA;2.697170552;50020;13190.632;;;
CT ANCHORIS - METHAX;EMESA;Thermal power plant;50825;Industrial point source;Tupungato;Mendoza;-33.3133564;-68.89151146;Electrical energy;40;;;;2021;CAMMESA;1.94819592;110121;26088.109;;natural gas;
CT AÑATUYA - SULLAIR;;Thermal power plant;11557;Industrial point source;Añatuya;Santiago del Estero;-28.44584131;-62.85560319;Electrical energy;19.2;;;;2021;CAMMESA;2.697170552;16691;4284.71;;;
CT AÑATUYA II - SULLAIR;;Thermal power plant;4840;Industrial point source;Añatuya;Santiago del Estero;-28.44584131;-62.85560319;Electrical energy;11.5;;;;2021;CAMMESA;2.697170552;6736;1794.494;;;
CT ARISTOBU.DEL VALLE-SOENERGY;;Thermal power plant;24495;Industrial point source;Aristóbulo del Valle;Misiones;-27.09123769;-54.86344241;Electrical energy;15;;;;2021;CAMMESA;2.697170552;34282;9081.826;;;
CT ARRECIFES-AGGREKO;;Thermal power plant;8081;Industrial point source;;Buenos Aires;;;;20;;;;2021;CAMMESA;2.697170552;10529;2996.103;;;
CT BANDERA SgoEstero - ENARSA;;Thermal power plant;4539;Industrial point source;;Santiago del Estero;-27.79292098;-62.15515275;;32.5;;;;2021;CAMMESA;2.697170552;5626;1682.715;;;
CT BARILOCHE;;Thermal power plant;1392;Industrial point source;;Río Negro;-41.0854318;-71.35591366;;20;;;;2021;CAMMESA;2.697170552;2004;516.246;;;
CT BARKER CIERRE CC;;Thermal power plant;636102;Industrial point source;Benito Juárez;Buenos Aires;-37.54858826;-59.4506657;Electrical energy;105.85;;;;2021;CAMMESA;2.230277275;1499099;308184.079;;;
CT BARRAGAN - ENARSA;ENARSA;Thermal power plant;319657;Industrial point source;Ensenada;Buenos Aires;-34.85965751;-57.95577403;Electrical energy;567;;;;2021;CAMMESA;2.266510139;545648;153089.016;;;
CT BARRANQUERAS Chaco;;Thermal power plant;3373;Industrial point source;;Chaco;-27.48591444;-58.93260519;;21.7;;;;2021;CAMMESA;2.697170552;4679;1250.604;;;
CT BELL VILLE - SULLAIR;SULLAIR ARGENTINA S.A.;Thermal power plant;6459;Industrial point source;Bell Ville;Córdoba;-32.61039562;-62.68583225;Electrical energy;15.6;;;;2021;CAMMESA;2.697170552;9090;2394.785;;;
CT BRACHO CIERRE CC- Y-GEN S.A;;Thermal power plant;1242878;Industrial point source;;Tucumán;-26.99529044;-65.17017867;;199;;;;2021;CAMMESA;1.94819592;3385914;637963.717;;;
CT BRAGADO - EMGASUD;;Thermal power plant;7559;Industrial point source;;Buenos Aires;-34.81288221;-60.40005;;;;;;2021;CAMMESA;2.135439578;12869;3834.912;;;
CT BRAGADO 2 - GENNEIA;Genneia;Thermal power plant;79138;Industrial point source;Bragado;Buenos Aires;-35.13651396;-60.43241426;Electrical energy;58.5;;;;2021;CAMMESA;2.251834284;128764;38958.039;;;
CT BRAGADO 3 - GENNEIA;Genneia;Thermal power plant;92453;Industrial point source;Bragado;Buenos Aires;-35.13651396;-60.43241426;Electrical energy;61.2;;;;2021;CAMMESA;2.220550332;147631;44387.277;;;
CT BRIGADIER LOPEZ;Central Puerto S.A.;Thermal power plant;64572;Industrial point source;Santa Fe;Santa Fe;-31.71284154;-60.77930021;Electrical energy;280;;;;2021;CAMMESA;2.322683236;93216;26507.622;;;
CT CAIMANCITO -SULLAIR;;Thermal power plant;62571;Industrial point source;Libertador Gral San Martín;Jujuy;-23.73226891;-64.61399317;Electrical energy;91;;;;2021;CAMMESA;1.94819592;137124;32117.353;;;
CT CAÑADA DE GOMEZ - SECCO;Secco;Thermal power plant;105744;Industrial point source;Cañada de Gómez;Santa Fe;-32.78187222;-61.41843352;Electrical energy;67.232;;;;2021;CAMMESA;2.671149063;169317;34867.835;;;
CT CAPITAN SARMIENTO - SECCO;Secco;Thermal power plant;10205;Industrial point source;;Buenos Aires;-34.16216899;-59.79574076;;5;;;;2021;CAMMESA;2.697170552;13840;3783.462;;;
CT CASTELLI - AGGREKO;;Thermal power plant;9440;Industrial point source;;Chaco;-25.94900872;-60.61986966;;15;;;;2021;CAMMESA;2.697170552;13195;3499.906;;;
CT CATAMARCA - SECCO;;Thermal power plant;10013;Industrial point source;;Catamarca;-28.4208082;-65.78776983;;19.2;;;;2021;CAMMESA;2.697170552;13860;3712.49;;;
CT CERES - SECCO;;Thermal power plant;3924;Industrial point source;;Santa Fe;-29.87387756;-61.92317816;;18;;;;2021;CAMMESA;2.697170552;5516;1454.758;;;
CT CHARATA - SULLAIR;;Thermal power plant;7334;Industrial point source;;Chaco;-27.20868003;-61.18225793;;19.8;;;;2021;CAMMESA;2.697170552;10516;2719.092;;;
CT CHILECITO - SECCO;Secco;Thermal power plant;4810;Industrial point source;Chilecito;La Rioja;-29.15733701;-67.50746666;Electrical energy;10;;;;2021;CAMMESA;2.697170552;6498;1783.423;;;
CT CIPOLLETI - AGGREKO;;Thermal power plant;501;Industrial point source;;Río Negro;-38.86486771;-68.03632495;;5;;;;2021;CAMMESA;2.697170552;703;185.816;;;
CT COLON BS.AS - SULLAIR;;Thermal power plant;5222;Industrial point source;Colón;Buenos Aires;-33.73201213;-61.09709894;Electrical energy;15.3;;;;2021;CAMMESA;2.697170552;7241;1936.036;;;
CT CORRIENTES - AGGREKO;;Thermal power plant;7204;Industrial point source;;Corrientes;-27.4710135;-58.80297303;;20;;;;2021;CAMMESA;2.697170552;9820;2671.103;;;
CT EZEIZA ETAPA1 G MEDITERRANE;;Thermal power plant;56618;Industrial point source;Carlos Spegazzini;Buenos Aires;-34.90274362;-58.61692333;Electrical energy;102.1;;;;2021;CAMMESA;2.197854131;100214;28164.37;;;
CT EZEIZA ETAPA2 G MEDITERRANE;;Thermal power plant;32456;Industrial point source;Carlos Spegazzini;Buenos Aires;-34.90274362;-58.61692333;Electrical energy;50;;;;2021;CAMMESA;2.197854131;58029;16179.573;;;
CT FORMOSA - APR ENERGY;;Thermal power plant;5006;Industrial point source;;Formosa;-26.17579564;-58.20978419;;30;;;;2021;CAMMESA;2.697170552;6438;1856.2;;;
CT GENERAL ROJO CIERRE CC;;Thermal power plant;619957;Industrial point source;San Nicolás de Los Arroyos;Buenos Aires;-33.45541478;-60.28090222;Electrical energy;107.65;;;;2021;CAMMESA;2.314715421;1345916;283047.113;;;
CT GOYA - SECCO;;Thermal power plant;4754;Industrial point source;Goya;Corrientes;-29.15821641;-59.27345715;Electrical energy;13;;;;2021;CAMMESA;2.697170552;6507;1762.561;;;
CT GRAL. VILLEGAS - AGGREKO;;Thermal power plant;14209;Industrial point source;;Buenos Aires;-35.0345172;-62.99797308;;23.5;;;;2021;CAMMESA;2.697170552;19593;5267.939;;;
CT INDEPEND. ETAPA1 G MEDITERR;Grupo Albanesi;Thermal power plant;10088;Industrial point source;San Miguel de Tucumán;Tucumán;-26.866966;-65.22182861;Electrical energy;49.6;;;;2021;CAMMESA;2.239463833;15988;4545.69;;;
CT INDEPEND. ETAPA2 G MEDITERR;Grupo Albanesi;Thermal power plant;9463;Industrial point source;San Miguel de Tucumán;Tucumán;-26.866966;-65.22182861;Electrical energy;49;;;;2021;CAMMESA;2.239463833;15214;4308.239;;;
CT ING JUAREZ - SECCO;;Thermal power plant;2692;Industrial point source;Ingeniero Juárez;Formosa;-23.90901687;-61.83150245;Electrical energy;4;;;;2021;CAMMESA;2.697170552;3655;998.069;;;
CT INTA CATAMARCA - SECCO;;Thermal power plant;3559;Industrial point source;;Catamarca;;;;7;;;;2021;CAMMESA;2.697170552;4967;1319.657;;;
CT ISLA VERDE - AGGREKO;;Thermal power plant;7670;Industrial point source;;Córdoba;-33.24178127;-62.39381422;;24.5;;;;2021;CAMMESA;2.697170552;10449;2843.861;;;
CT ITATI - TURBODISEL;;Thermal power plant;1498;Industrial point source;;Corrientes;-27.31887856;-58.23844011;;7.2;;;;2021;CAMMESA;2.697170552;2091;555.42;;;
CT JUNIN;;Thermal power plant;14479;Industrial point source;;Buenos Aires;-34.55914506;-60.92796994;;22;;;;2021;CAMMESA;2.697170552;20542;5368.06;;;
CT LA PAZ Entre Rios - ENARSA;;Thermal power plant;2674;Industrial point source;;Entre Ríos;-30.74961413;-59.60149196;;10.8;;;;2021;CAMMESA;2.697170552;3634;991.48;;;
CT LA PLATA - SULLAIR;;Thermal power plant;14048;Industrial point source;San Carlos;Buenos Aires;-34.9338664;-58.01640058;Electrical energy;40.4;;;;2021;CAMMESA;2.697170552;19966;5208.314;;;
CT LA RIOJA - SECCO;;Thermal power plant;7688;Industrial point source;;La Rioja;-29.35906756;-66.83395555;;19.2;;;;2021;CAMMESA;2.697170552;10750;2850.349;;;
CT LA RIOJA SUR- SECCO;;Thermal power plant;3506;Industrial point source;;La Rioja;-29.42128793;-66.82983567;;10;;;;2021;CAMMESA;2.697170552;4956;1299.976;;;
CT LAGUNA BLANCA - SECCO;;Thermal power plant;4457;Industrial point source;Laguna Blanca;Formosa;-25.12695055;-58.25915073;Electrical energy;7;;;;2021;CAMMESA;2.697170552;6052;1652.415;;;
CT LAS ARMAS II - EMGASUD;;Thermal power plant;606;Industrial point source;;Buenos Aires;-37.07639032;-57.81773168;;;;;;2021;CAMMESA;1.94819592;964;310.975;;;
CT LAS PALMAS 2 - ARAUCARIA;;Thermal power plant;100667;Industrial point source;;Buenos Aires;-34.07978591;-59.12506332;;212.2;;;;2021;CAMMESA;2.274220172;166580;47527.617;;;
CT LAS PALMAS -TURBODISEL;;Thermal power plant;543;Industrial point source;;Chaco;-27.03271109;-58.70358987;;7.2;;;;2021;CAMMESA;2.697170552;701;201.361;;;
CT LIBERTADOR GSM - SULLAIR;;Thermal power plant;3331;Industrial point source;;Jujuy;-23.73223944;-64.61405755;;15.26;;;;2021;CAMMESA;2.697170552;4567;1234.867;;;
CT LINCOLN;;Thermal power plant;5898;Industrial point source;Lincoln;Buenos Aires;-34.85716731;-61.52070383;Electrical energy;15;;;;2021;CAMMESA;2.697170552;8336;2186.752;;;
CT LOBOS BS.AS - SULLAIR;;Thermal power plant;23328;Industrial point source;;Buenos Aires;-35.18956801;-59.07850788;;19.68;;;;2021;CAMMESA;2.697170552;32079;8649.169;;;
CT LOMA CAMPANA 1 -YPF;;Thermal power plant;93992;Industrial point source;;Neuquén;-37.92686761;-68.71536317;;105;;;;2021;CAMMESA;1.94819592;200046;48245.62;;;
CT LOMA CAMPANA 2 -Y-GEN ELECT;;Thermal power plant;164946;Industrial point source;;Neuquén;-37.92686761;-68.71536317;;107;;;;2021;CAMMESA;1.94819592;346985;84666.151;;;
CT LOMA DE LA LATA II(NEUQUEN);;Thermal power plant;228867;Industrial point source;;Neuquén;-38.51180658;-68.6063997;;105;;;;2021;CAMMESA;1.94819592;492685;117476.623;;;
CT LUJAN II - ARAUCARIA ENERGY;;Thermal power plant;68363;Industrial point source;;Buenos Aires;-34.55594176;-59.03483213;;127.3;;;;2021;CAMMESA;2.013324149;141117;35047.513;;;
CT MAGDALENA - APR ENERGY;;Thermal power plant;4433;Industrial point source;;Buenos Aires;-35.100081;-57.483894;;25;;;;2021;CAMMESA;2.697170552;5861;1643.52;;;
CT MATHEU II - APR ENERGY;;Thermal power plant;1875;Industrial point source;;Buenos Aires;-34.39580865;-58.83489199;;229;;;;2021;CAMMESA;1.94819592;3070;962.4;;;
CT MIRAMAR I - ENERGYST;;Thermal power plant;23587;Industrial point source;;Buenos Aires;-38.24736618;-57.82379749;;20;;;;2021;CAMMESA;2.697170552;33150;8745.262;;;
CT ORAN - SECCO;;Thermal power plant;3717;Industrial point source;;Salta;-23.1386542;-64.31143463;;15;;;;2021;CAMMESA;2.697170552;5161;1378.262;;;
CT PARQUE INDUSTR.CATAM-SECCO;;Thermal power plant;8843;Industrial point source;;Catamarca;-28.52995995;-65.80098711;;15;;;;2021;CAMMESA;2.697170552;12452;3278.591;;;
CT PASO LA PATRIA-TURBODISEL;;Thermal power plant;1189;Industrial point source;;Corrientes;-27.32287605;-58.56667495;;7.2;;;;2021;CAMMESA;2.697170552;1658;440.955;;;
CT PEREZ - SECCO;;Thermal power plant;109776;Industrial point source;;Santa Fe;-33.01941125;-60.82494636;;81.088;;;;2021;CAMMESA;2.654963545;174695;36541.714;;;
CT PIEDRABUENA MG(L.LATA);;Thermal power plant;173945;Industrial point source;;Buenos Aires;-38.03244943;-62.3371078;;100.02;;;;2021;CAMMESA;2.60588246;300504;65658.727;;;
CT PILAR - EPEC;;Thermal power plant;1055603;Industrial point source;;Córdoba;-31.66577634;-63.83191433;;466;;;;2021;CAMMESA;2.247785773;2334319;509620.85;;;
CT PILAR BS AS- PAMPA ENERGÍA;;Thermal power plant;187528;Industrial point source;;Buenos Aires;-34.2986356;-58.95101224;;100.398;;;;2021;CAMMESA;2.624673504;299260;62795.771;;;
CT PIRANE - SULLAIR;;Thermal power plant;10675;Industrial point source;;Formosa;-25.67861;-59.07556;;16.25;;;;2021;CAMMESA;2.697170552;14583;3957.876;;;
CT PRESIDENCIA ROCA;;Thermal power plant;1276;Industrial point source;;Chaco;-26.15352072;-59.60000813;;6;;;;2021;CAMMESA;2.697170552;1712;472.997;;;
CT RAFAELA - SECCO;;Thermal power plant;7300;Industrial point source;;Santa Fe;-31.25667;-61.52028;;19.2;;;;2021;CAMMESA;2.697170552;10246;2706.592;;;
CT REALICO - SECCO;;Thermal power plant;6721;Industrial point source;;La Pampa;-35.055;-64.24056;;24;;;;2021;CAMMESA;2.697170552;9378;2492.04;;;
CT RENOVA - ALBANESI ENERGIA;;Thermal power plant;457321;Industrial point source;;Santa Fe;-32.60348225;-60.79474192;;172;;;;2021;CAMMESA;2.168482577;1027889;229326.889;;;
CT RIO TERCERO II - SoENERGY;;Thermal power plant;30138;Industrial point source;;Córdoba;-32.16105961;-64.15478473;;60;;;;2021;CAMMESA;2.306401179;47055;12289.28;;;
CT ROCA SA;;Thermal power plant;502028;Industrial point source;;Río Negro;-38.64532632;-67.6716524;;193.13;;;;2021;CAMMESA;2.135439578;1150910;255981.834;;;
CT RUFINO Sta Fe - ENARSA;;Thermal power plant;8965;Industrial point source;;Santa Fe;-34.28871794;-62.66959238;;31.9;;;;2021;CAMMESA;2.697170552;12391;3323.711;;;
CT SAENZ PEÑA - APR ENERGY;;Thermal power plant;3654;Industrial point source;;Chaco;-26.81555556;-60.41138889;;20;;;;2021;CAMMESA;2.697170552;4769;1354.866;;;
CT SAENZ PEÑA II- AGGREKO;;Thermal power plant;4626;Industrial point source;;Chaco;-26.81477999;-60.41267637;;15;;;;2021;CAMMESA;2.697170552;6301;1715.205;;;
CT SALTO 2 - SoENERGY;;Thermal power plant;103648;Industrial point source;;Buenos Aires;-34.20426055;-60.24871635;;63;;;;2021;CAMMESA;2.306401179;160695;45390.578;;;
CT SAN MARTIN Chaco;;Thermal power plant;1320;Industrial point source;;Chaco;-26.55845431;-59.32413238;;15;;;;2021;CAMMESA;2.697170552;1616;489.423;;;
CT SAN PEDRO - CIERRE CC;;Thermal power plant;33804;Industrial point source;;Buenos Aires;-33.77667601;-59.72699232;;50.46;;;;2021;CAMMESA;1.94819592;62581;17351.202;;;
CT SAN PEDRO - SPI ENERGY SA;;Thermal power plant;46087;Industrial point source;;Buenos Aires;-33.77822014;-59.72715283;;108;;;;2021;CAMMESA;2.266510139;75572;21398.563;;;
CT SAN SALVADOR E.Rios -ENARSA;;Thermal power plant;1815;Industrial point source;;Entre Ríos;-31.60970051;-58.48874915;;10.8;;;;2021;CAMMESA;2.697170552;2521;672.832;;;
CT SAN VICENTE BsAs - ENARSA;;Thermal power plant;4595;Industrial point source;;Buenos Aires;-35.04344836;-58.32534848;;27.6;;;;2021;CAMMESA;2.697170552;5674;1703.651;;;
CT SANTA ROSA -TURBODISEL;;Thermal power plant;1988;Industrial point source;;Corrientes;-28.26247793;-58.12262641;;7.2;;;;2021;CAMMESA;2.697170552;2620;737.187;;;
CT TEREVINTOS - SECCO;;Thermal power plant;2652;Industrial point source;;Catamarca;-28.42876224;-65.78746942;;8;;;;2021;CAMMESA;2.697170552;3544;983.087;;;
CT TINOGASTA - SULLAIR;;Thermal power plant;4169;Industrial point source;;Catamarca;-28.04904452;-67.56608993;;15;;;;2021;CAMMESA;2.697170552;5665;1545.852;;;
CT VENADO TUERTO - SECCO;;Thermal power plant;7617;Industrial point source;;Santa Fe;-33.75246685;-61.99327364;;19.2;;;;2021;CAMMESA;2.697170552;10683;2823.928;;;
CT VIALE - AGGREKO;;Thermal power plant;4529;Industrial point source;;Entre Ríos;-31.89194;-60.01056;;10;;;;2021;CAMMESA;2.697170552;6436;1679.148;;;
CT VILLA ANGELA - AGGREKO;;Thermal power plant;4977;Industrial point source;;Chaco;-27.60214589;-60.74649601;;15;;;;2021;CAMMESA;2.697170552;6972;1845.371;;;
CT VILLA GESELL-CATLANT.;;Thermal power plant;333196;Industrial point source;;Buenos Aires;-37.24848426;-56.99724588;;80;;;;2021;CAMMESA;2.168482577;517298;162971.858;;;
CT VILLA MARIA CIERRE CC-UENSA;;Thermal power plant;630749;Industrial point source;;Córdoba;-32.42693676;-63.17188574;;105.1;;;;2021;CAMMESA;2.318567991;1388995;290221.922;;;
CT VILLA OCAMPO - SECCO;;Thermal power plant;32945;Industrial point source;;Santa Fe;-28.51609309;-59.34577171;;50.35;;;;2021;CAMMESA;2.934725729;49933;10566.42;;;
CT VUELTA DE OBLIGADO;;Thermal power plant;1829953;Industrial point source;;Santa Fe;-32.48882628;-60.79097087;;846.565;;;;2021;CAMMESA;2.306401179;4250341;836663.799;;;
CT ZAPPALORTO - APR ENERGY;;Thermal power plant;15249;Industrial point source;;Buenos Aires;-34.71869221;-58.73797554;;109.04;;;;2021;CAMMESA;2.152461729;22324;6878.147;;;
EDECAT GENERACION;;Thermal power plant;397;Industrial point source;;Catamarca;-28.19232818;-65.11339956;;4.8;;;;2021;CAMMESA;2.697170552;527;147.076;;;
EDELAR GENERACION;;Thermal power plant;18733;Industrial point source;;La Rioja;;;;19.48;;;;2021;CAMMESA;2.697170552;24364;6945.473;;;
EDEN GENERACION;;Thermal power plant;1627;Industrial point source;;Buenos Aires;-34.05179982;-58.92965791;;27.728;;;;2021;CAMMESA;2.697170552;2289;603.257;;;
ELECTROPATAGONIA-C.RIV-C.COMB.;;Thermal power plant;15137;Industrial point source;;Chubut;-45.79136316;-67.52324552;;63;;;;2021;CAMMESA;1.94819592;16175;7769.538;;;
EMP.DIS.S.ESTERO GENERACION;;Thermal power plant;4901;Industrial point source;;Santiago del Estero;;;;6.05;;;;2021;CAMMESA;2.697170552;6582;1817.095;;;
EMSA GENERACION;;Thermal power plant;10472;Industrial point source;;Misiones;;;;33.244;;;;2021;CAMMESA;2.697170552;13965;3882.422;;;
ENDESA COSTANERA SA;;Thermal power plant;2518331;Industrial point source;;Buenos Aires;-34.62334842;-58.34179385;;2303.6;;;;2021;CAMMESA;2.263968409;5724889;1247224.179;;;
ENERGIA DEL SUR S.A.;;Thermal power plant;226761;Industrial point source;;Chubut;-45.79337549;-67.51392216;;125.1;;;;2021;CAMMESA;1.94819592;439211;116395.179;;;
EPEC GENERACION;;Thermal power plant;15814;Industrial point source;;Córdoba;;;;275.482;;;;2021;CAMMESA;2.181070385;14381;7371.839;;;
GEN.MEDITERRANEA (CONT.PLUS);;Thermal power plant;36744;Industrial point source;;Córdoba;-33.15913174;-64.36424725;;120;;;;2021;CAMMESA;2.197854131;60177;18263.47;;;
GEN.MEDITERRANEA GRUPO 5;;Thermal power plant;27675;Industrial point source;;Córdoba;-33.15913174;-64.36424725;;60;;;;2021;CAMMESA;2.197854131;46103;13805.841;;;
GENELBA - PETROBRAS;;Thermal power plant;1898589;Industrial point source;;Buenos Aires;-34.9038311;-58.73254676;;684.4;;;;2021;CAMMESA;1.94819592;4975073;974537.081;;;
GENELBA - RES.287;;Thermal power plant;1396334;Industrial point source;;Buenos Aires;-34.9038311;-58.73254676;;381.19;;;;2021;CAMMESA;1.94819592;3618613;716731.648;;;
GENERACION FRIAS S.A.;;Thermal power plant;15755;Industrial point source;;Santiago del Estero;-28.56386859;-65.12249001;;60;;;;2021;CAMMESA;2.269185048;25683;6950.312;;;
GENERACION INDEPENDENCIA S.A.;;Thermal power plant;28961;Industrial point source;;Tucumán;-26.86672994;-65.22196012;;120;;;;2021;CAMMESA;2.272076842;41546;12845.301;;;
GENERACION LA BANDA S.A.;;Thermal power plant;2514;Industrial point source;;Santiago del Estero;-27.7529612;-64.26512026;;26;;;;2021;CAMMESA;2.12103622;2455;1247.574;;;
GENERACION MEDITERRANEA;;Thermal power plant;6470;Industrial point source;;Córdoba;-32.94821426;-64.37649144;;68;;;;2021;CAMMESA;2.197854131;9010;2662.942;;;
GENERACION MEDITERRANEA 220;;Thermal power plant;31381;Industrial point source;;Córdoba;-32.94821426;-64.37649144;;94.961;;;;2021;CAMMESA;2.2923194;49554;13971.894;;;
GENERACION RIOJANA SA;;Thermal power plant;13132;Industrial point source;;La Rioja;-29.38221469;-66.83430162;;88;;;;2021;CAMMESA;2.315874376;17840;5630.726;;;
GENERADORA Córdoba S.A.;;Thermal power plant;1537;Industrial point source;;Córdoba;-32.13195934;-64.15615033;;26;;;;2021;CAMMESA;2.381812812;1216;601.5;;;
GENERADORA ELEC.Tucumán SA;;Thermal power plant;9198;Industrial point source;;Tucumán;-26.99427143;-65.16588094;;232;;;;2021;CAMMESA;1.94819592;13382;4721.537;;;
HIDROTERMICA SAN JUAN;;Thermal power plant;6068;Industrial point source;;San Juan;-31.51232265;-68.53794739;;30;;;;2021;CAMMESA;2.152461729;5565;2942.521;;;
LA PLATA COGENERACION SA;;Thermal power plant;339665;Industrial point source;;Buenos Aires;-34.88934876;-57.92261647;;128;;;;2021;CAMMESA;1.94819592;728404;174348.72;;;
LEDESMA SAAI;;Thermal power plant;7544;Industrial point source;;Jujuy;-23.82178298;-64.78451309;;;;;;2021;CAMMESA;1.94819592;11617;3872.434;;;
LUJAN DE CUYO COGENERAC.PUERTO;;Thermal power plant;265976;Industrial point source;;Mendoza;-33.05228875;-68.97986675;;95.32;;;;2021;CAMMESA;1.94819592;722978;136524.249;;;
MOLINOS AGRO AG.(Ex.Mol Rio P);;Thermal power plant;222;Industrial point source;;Santa Fe;;;;;;;;2021;CAMMESA;1.94819592;669;114.166;;;
MOTOGENERADORES COSTANERA;;Thermal power plant;47985;Industrial point source;;Buenos Aires;-34.62294757;-58.34179446;;35.6;;;;2021;CAMMESA;2.922222825;70060;15166.452;;;
NIDERA SAFORCADA-Junin;;Thermal power plant;20;Industrial point source;;Buenos Aires;-34.58607819;-34.58607819;;;;;;2021;CAMMESA;1.94819592;12;10.517;;;
PAMPA ENERGIA SA;;Thermal power plant;78724;Industrial point source;;Salta;-24.68842844;-65.04387511;;295.25;;;;2021;CAMMESA;1.94819592;161618;40408.794;;;
REFINERIA LA PLATA AUTOG;;Thermal power plant;10998;Industrial point source;;Buenos Aires;-34.88980716;-57.92284166;;;;;;2021;CAMMESA;1.94819592;24206;5645.254;;;
SHELL CAPSA PTA. DOCK SUD;;Thermal power plant;25501;Industrial point source;;Buenos Aires;-34.65330519;-58.34357618;;;;;;2021;CAMMESA;1.94819592;36188;13089.509;;;
SIDERAR PTA. IND. SAN NICOLAS;;Thermal power plant;31;Industrial point source;;Buenos Aires;-33.35478022;-60.1730117;;;;;;2021;CAMMESA;1.94819592;48;16.155;;;
SINOPEC Arg. - El Huemul;;Thermal power plant;29407;Industrial point source;;Santa Cruz;-49.33023006;-72.88361232;;;;;;2021;CAMMESA;1.94819592;58538;15094.599;;;
SINOPEC Arg. - Meseta Espinosa;;Thermal power plant;13683;Industrial point source;;Santa Cruz;;;;;;;;2021;CAMMESA;1.94819592;28222;7023.64;;;
SOLALBAN ENERGIA SA;;Thermal power plant;42405;Industrial point source;;Buenos Aires;-38.78541148;-62.25754249;;;;;;2021;CAMMESA;1.94819592;72739;21766.064;;;
TERMINAL 6 COGENERACION PUERTO;;Thermal power plant;209988;Industrial point source;;Santa Fe;-32.66237097;-60.74916497;;380.04;;;;2021;CAMMESA;2.210337041;463298;103919.015;;;
TERMOELE. JOSE SAN MARTIN S.A;;Thermal power plant;2045982;Industrial point source;;Santa Fe;-32.57020631;-60.79050355;;865.14;;;;2021;CAMMESA;2.297717415;4913414;929849.429;;;
TERMOELECTRICA GUILLERMO BROWN;;Thermal power plant;1021465;Industrial point source;;Buenos Aires;-38.68206102;-62.42135034;;582.6;;;;2021;CAMMESA;2.236263086;1795155;491937.285;;;
TERMOELECTRICA M.BELGRANO S.A.;;Thermal power plant;2150020;Industrial point source;;Buenos Aires;-34.14974236;-59.00582295;;873;;;;2021;CAMMESA;2.236263086;5630198;1054379.651;;;
YAC.ENTRE LOMAS AUTOGENERADOR;;Thermal power plant;27680;Industrial point source;;Río Negro;-38.13400181;-68.00363319;;;;;;2021;CAMMESA;1.94819592;55278;14207.882;;;
YPF Autogenerador Pza. Huincul;;Thermal power plant;161867;Industrial point source;;Neuquén;-38.92994561;-69.16904786;;;;;;2021;CAMMESA;1.94819592;229589;83085.412;;;
YPF CT MANANTIALES BEHR II AG;;Thermal power plant;8767;Industrial point source;;Chubut;-45.63426933;-67.80866884;;;;;;2021;CAMMESA;1.94819592;20377;4499.982;;;
YPF EL TREBOL CT MANANT. BEHR;;Thermal power plant;6;Industrial point source;;Chubut;-45.67203528;-67.75657658;;;;;;2021;CAMMESA;1.94819592;12;3.117;;;
YPF ENERGÍA ELECTR.ex PLUSPETG;;Thermal power plant;1400041;Industrial point source;;Tucumán;;;;829;;;;2021;CAMMESA;1.94819592;3271615;718634.749;;;
YPF LA PLATA COGENERACION;;Thermal power plant;228277;Industrial point source;;Buenos Aires;-34.89017736;-57.92279843;;90.2;;;;2021;CAMMESA;2.135439578;592649;116354.528;;;
YPF LOS PERALES AUTOG;;Thermal power plant;68352;Industrial point source;;Santa Cruz;-46.1958354;-69.26507537;;;;;;2021;CAMMESA;1.94819592;107575;35084.857;;;
YPF YAC P.HERNANDEZ AUTOG;;Thermal power plant;26;Industrial point source;;Neuquén;-37.29578133;-69.06655773;;;;;;2021;CAMMESA;1.94819592;47;13.337;;;
BIOGAS CT AVELLANEDA SECCO;;Biogas Power Plant;41391;Biogenic point source;;Santa Fe;-29.1177703;-59.64047481;Electrical energy;6.3;;;;2022;CAMMESA/Bio4;18;;;;;
CENTRAL BIOELECTRICA R.CUARTO1;;Biogas Power Plant;13140;Biogenic point source;;Córdoba;-33.17984121;-64.3831869;Electrical energy;2;;;;2022;CAMMESA/Bio4;18;;;;;
C.BIOELECT.R.CUARTO1 REN2;;Biogas Power Plant;10249.2;Biogenic point source;;Córdoba;-33.17824283;-64.37979659;Electrical energy;1.56;;;;2022;CAMMESA/Bio4;18;;;;;
C.BIOELECT.R.CUARTO2 REN1;;Biogas Power Plant;7884;Biogenic point source;;Córdoba;-33.18287626;-64.38488206;Electrical energy;1.2;;;;2022;CAMMESA/Bio4;18;;;;;
C.BIOELECT.R.CUARTO2 REN2;;Biogas Power Plant;7884;Biogenic point source;;Córdoba;-33.18400764;-64.38492497;Electrical energy;1.2;;;;2022;CAMMESA/Bio4;18;;;;;
BIOGAS CTBG CITRUSVIL-ALCOVIL;;Biogas Power Plant;19710;Biogenic point source;;Tucumán;-26.84580608;-65.13499577;Electrical energy;3;;;;2022;CAMMESA/Bio4;18;;;;;
BIOGAS RS CT ENSENADA SECCO;;Biogas Power Plant;34821;Biogenic point source;;Buenos Aires;-34.86081282;-57.96314619;Electrical energy;5.3;;;;2022;CAMMESA/Bio4;18;;;;;
CTBG GENERAL ALVEAR;;Biogas Power Plant;6570;Biogenic point source;;Buenos Aires;-36.01532605;-60.10616456;Electrical energy;1;;;;2022;CAMMESA/Bio4;18;;;;;
BIOGAS CTBG GIGENA I;;Biogas Power Plant;7884;Biogenic point source;;Córdoba;-32.78552086;-64.19518873;Electrical energy;1.2;;;;2022;CAMMESA/Bio4;18;;;;;
BIOGAS CTBG JUSTO DARACT;;Biogas Power Plant;6570;Biogenic point source;;San Luis;-33.9234622;-65.15093963;Electrical energy;1;;;;2022;CAMMESA/Bio4;18;;;;;
BIOGAS CTBG PACUCA BIO ENERGÍA;;Biogas Power Plant;6570;Biogenic point source;;Buenos Aires;-35.38242174;-59.44253713;Electrical energy;1;;;;2022;CAMMESA/Bio4;18;;;;;
BIOGAS CTBG PERGAMINO;;Biogas Power Plant;15768;Biogenic point source;;Buenos Aires;-33.92388171;-60.53821415;Electrical energy;2.4;;;;2022;CAMMESA/Bio4;18;;;;;
C.T.SAN MARTIN NORTE 3A;;Biogas Power Plant;33507;Biogenic point source;;Buenos Aires;-34.5315305;-58.6087694;Electrical energy;5.1;;;;2022;CAMMESA/Bio4;18;;;;;
CT SAN MIGUEL NORTE III-ENARSA;;Biogas Power Plant;75555;Biogenic point source;;Buenos Aires;-34.52484812;-58.61664438;Electrical energy;11.5;;;;2022;CAMMESA/Bio4;18;;;;;
ENERGIA AGRO S.A.U;;Biogas Power Plant;9296.55;Biogenic point source;;Santa Fe;-34.18229245;-62.05263989;Electrical energy;1.415;;;;2022;CAMMESA/Bio4;18;;;;;
BIOGAS CTBG TIGONBU;;Biogas Power Plant;13140;Biogenic point source;;San Luis;-34.7468824;-65.24745477;Electrical energy;2;;;;2022;CAMMESA/Bio4;18;;;;;
BIOGAS CTBG VILLA DEL ROS. CGY;;Biogas Power Plant;6570;Biogenic point source;;Córdoba;-31.57330076;-63.55084309;Electrical energy;1;;;;2022;CAMMESA/Bio4;18;;;;;
BIOGAS CTBG VENADO TUERTO;;Biogas Power Plant;13797;Biogenic point source;;Santa Fe;-33.69118337;-62.04103717;Electrical energy;2.1;;;;2022;CAMMESA/Bio4;18;;;;;
BIO ENERGÍA YANQUETRUZ S.A.;;Biogas Power Plant;9855;Biogenic point source;;San Luis;-33.3801343;-65.58307536;Electrical energy;1.5;;;;2022;CAMMESA/Bio4;18;;;;;
BIOGAS CTBG ENRECO;;Biogas Power Plant;13140;Biogenic point source;;Córdoba;-33.41661903;-62.48488564;Electrical energy;2;;;;2022;CAMMESA/Bio4;18;;;;;
CTBG BIO ENERGÍA YANQUETRUZ II;;Biogas Power Plant;5256;Biogenic point source;;San Luis;-33.37826423;-65.56900085;Electrical energy;0.8;;;;2022;CAMMESA/Bio4;18;;;;;
CTBG BIO. SANTA CATALINA;;Biogas Power Plant;13140;Biogenic point source;;Córdoba;-33.17284854;-64.40235703;Electrical energy;2;;;;2022;CAMMESA/Bio4;18;;;;;
BIOGAS CTBG AB ENERGÍA;;Biogas Power Plant;13140;Biogenic point source;;La Pampa;-37.7688202;-67.70917058;Electrical energy;2;;;;2022;CAMMESA/Bio4;18;;;;;
CT BIOMASA MM BIOENERGÍA;;Biogas Power Plant;19710;Biogenic point source;;Misiones;-27.62976944;-55.43596538;Electrical energy;3;;;;2022;CAMMESA/Bio4;18;;;;;
CTBRS SAN MARTÍN NORTE III-D;;Biogas Power Plant;33507;Biogenic point source;;Buenos Aires;-34.52028708;-58.62735174;Electrical energy;5.1;;;;2022;CAMMESA/Bio4;18;;;;;
BIOGAS CTBG ARRE BEEF SA;;Biogas Power Plant;9855;Biogenic point source;;Buenos Aires;-33.76336033;-60.09148466;Electrical energy;1.5;;;;2022;CAMMESA/Bio4;18;;;;;
BIOGAS CT RESENER SA;;Biogas Power Plant;5256;Biogenic point source;;Buenos Aires;-38.69554547;-62.46569561;Electrical energy;0.8;;;;2022;CAMMESA/Bio4;18;;;;;
CTBG POLLOS SAN MATEO;;Biogas Power Plant;15768;Biogenic point source;;Córdoba;-31.19186042;-64.28926368;Electrical energy;2.4;;;;2022;CAMMESA/Bio4;18;;;;;
CTBG GENERAL VILLEGAS Ren 2;;Biogas Power Plant;8015.4;Biogenic point source;;Buenos Aires;-34.99825504;-62.99354435;Electrical energy;1.22;;;;2022;CAMMESA/Bio4;18;;;;;
YPF Plaza Huincul;YPF SA;Methanol;275370;Industrial point source;;Neuquén;-38.92880502;-69.18029111;Methanol;411000;;;Lurgi;2021;IPA/Inventario GHG;0.67;;;;;
Arauco General San Martin;Arauco Argentina S.A. ;Methanol;33500;Industrial point source;;Santa Fe;-32.65892352;-60.73470953;Methanol;50000;;;Lurgi;2021;IPA/Inventario GHG;0.67;;;;;
La Plata Refinery;YPF SA;Refinery;2224965.517;Industrial point source;;Buenos Aires;-34.88514453;-57.91350126;Combustible;190000;;;;;;;;;;;
Lujan de Cuyo Refinery;YPF SA;Refinery;1229586.207;Industrial point source;;Mendoza;-33.07089296;-68.97531701;Combustible;105000;;;;;;;;;;;
Plaza Huincul Refinery;YPF SA;Refinery;292758.6207;Industrial point source;;Neuquén;-38.9288127;-69.18736154;Combustible;25000;;;;;;;;;;;
Raizen Dock Sud;Raizen;Refinery;1171034.483;Industrial point source;;Buenos Aires;-34.64167707;-58.33684622;Combustible;100000;;;;;;;;;;;
Axion Campana Refinery;PAE;Refinery;1171034.483;Industrial point source;;Buenos Aires;-34.15453734;-58.95403325;Combustible;100000;;;;;;;;;;;
DAPSA;;Refinery;0;Industrial point source;;;;;;;;;;;;;;;;;
Dock Sud Refinery;;Refinery;0;Industrial point source;;;;;;;;;;;;;;;;;
REFINOR Campo Duran Refinery;;Refinery;351310.3448;Industrial point source;;Salta;-22.20022216;-63.66914578;;30000;;;;;;;;;;;
TRAFIGURA Bahia Blanca Refinery;;Refinery;351310.3448;Industrial point source;;Buenos Aires;-38.72155716;-62.29859593;;30000;;;;;;;;;;;
OIL Combustibles San Lorenzo Refinery;;Refinery;0;Industrial point source;;;;;;0;;;;;;;;;;;
PAMPA ENERGIA SA;;Etileno;25916;Industrial point source;Pto General San Martín;Santa Fe;-32.69234971;-60.73547591;Etileno;31000;;;Fish;2021;IPA/Inventario GHG;0.836;;;;;
PBB Polisur S.A.;;Etileno;229900;Industrial point source;Bahia Blanca;Buenos Aires;-38.65309984;-62.28055105;Etileno;275000;;;Linde;2021;IPA/Inventario GHG;0.836;;;;;
PBB Polisur S.A.;;Etileno;355300;Industrial point source;Bahia Blanca;Buenos Aires;-38.65309984;-62.28055105;Etileno;425000;;;CF Braun/Dow Chem.;2021;IPA/Inventario GHG;0.836;;;;;
CT BIOMASA GARRUCHOS;;Biomass Power Plant;257714.3512;Biogenic point source;;Corrientes;-27.94617937;-56.00073193;;36;255922.891;;;;;1.007;;;;;
CTBM. GENERACIÓN LAS JUNTURAS;;Biomass Power Plant;60021.67209;Biogenic point source;;Córdoba;-31.83992999;-63.44270922;;0.6;59604.441;;;;;1.007;;;;;
CTBM INGENIO LEALES;;Biomass Power Plant;5855.11087;Biogenic point source;;Tucumán;-27.07223015;-65.23077638;;2;5814.41;;;;;1.007;;;;;
CT BIOMASA SANTA ROSA CORRIENTES;;Biomass Power Plant;122490.2061;Biogenic point source;;Corrientes;-28.23787262;-58.06779436;;15;121638.735;;;;;1.007;;;;;
CT BIOMASA LA ESCONDIDA CHACO;;Biomass Power Plant;40100.60094;Biogenic point source;;Chaco;-27.1024196;-59.44379683;;10;39821.848;;;;;1.007;;;;;
CTBM BIOMASA UNITAN SEIS MEGA;;Biomass Power Plant;1307.533108;Biogenic point source;;Chaco;-27.37139972;-59.08705038;;6.7;1298.444;;;;;1.007;;;;;
ALTO PARANA-PTO.PIRAY;;Biomass Power Plant;88234.82331;Biogenic point source;;Misiones;-26.47536011;-54.72039929;;;87621.473;;;;;1.007;;;;;
ARCOR ING.LA PROVIDENCIA;;Biomass Power Plant;16590.35018;Biogenic point source;;Tucumán;-27.2644536;-65.56637912;;;16475.025;;;;;1.007;;;;;
AZUCARERA JUAN M.TERAN SA;;Biomass Power Plant;6297.718587;Biogenic point source;;Tucumán;-27.45834206;-65.60604599;;;6253.941;;;;;1.007;;;;;
CT BIOMASA MM BIOENERGÍA;;Biomass Power Plant;13977.00694;Biogenic point source;;Misiones;-27.63019753;-55.43580567;;;13879.848;;;;;1.007;;;;;
CT PRODEMAN BIOENERGÍA;;Biomass Power Plant;60021.67209;Biogenic point source;;Córdoba;-32.79407682;-63.86537614;;;59604.441;;;;;1.007;;;;;
ECO-ENERGIA S.A.BIOMASA;;Biomass Power Plant;18829.89501;Biogenic point source;;Misiones;-26.02800244;-54.58478971;;;18699.002;;;;;1.007;;;;;
GENERACION TICINO BIOMASA SA;;Biomass Power Plant;25099.65022;Biogenic point source;;Córdoba;-32.70126887;-63.43327446;;;24925.174;;;;;1.007;;;;;
Ingenio y Ref.S.Martin Tabacal;;Biomass Power Plant;98553.77889;Biogenic point source;;Salta;-23.2537127;-64.24116463;;;97868.698;;;;;1.007;;;;;
NIDERA SAFORCADA-Junin;;Biomass Power Plant;12.292449;Biogenic point source;;Buenos Aires;-34.58638693;-61.03071103;;;12.207;;;;;1.007;;;;;
PAPEL MISIONERO S.A.;;Biomass Power Plant;270.788342;Biogenic point source;;Misiones;-26.93529417;-55.12206674;;;268.906;;;;;1.007;;;;;
