latitude;longitude;Name;Company;Industry;CO2_emissions_t;Source_CO2_emissions;Source;City;Province
-42.63615141;-65.1028453;F�brica de aluminio de Aluar;Aluar;Aluminium;612057.6;Industrial point source;;Puerto Madryn;Chubut
-34.09354048;-59.00465275;Bunge Campana;Bunge Argentina S.A;Ammonia;27027;Industrial point source;;Campana;Buenos Aires
-38.78424491;-62.28168815;Profertil Bahia Blanca;Profertil S.A.;Ammonia;710621;Industrial point source;https://rs.profertil.com.ar/;Bahia Blanca;Buenos Aires
-25.37919283;-64.65198658;Austin Powder;Austin Powder;Ammonia;54600;Industrial point source;;El Galp�n;Salta
-27.3548157;-65.60294134;Bioenerg�a la Corona;Bioenergia La Corona S.A.;Bioethanol;24300;Biogenic point source;Carbio;Concepci�n;Tucum�n
-28.48761165;-59.39684115;Bioenerg�as Agropecuarias S.A.;BIOENERG�ASAGROPECUARIAS S.A.;Bioethanol;24750;Biogenic point source;Carbio;General Obligado;Santa Fe
-27.22139848;-65.51695443;Ingenio Santa Rosa;Bioenerg�a Santa Rosa S.A.;Bioethanol;24300;Biogenic point source;Carbio;Monteros;Tucum�n
-23.82436777;-64.78800974;Ingenio Ledesma;Bio Ledesma S.A.;Bioethanol;74250;Biogenic point source;Carbio;Libertador General San Martin;Jujuy
-24.6810765;-65.09802875;Bio San Isidro;Bio San Isidro S.A.;Bioethanol;10125;Biogenic point source;Carbio;Campo Santo;Salta
-26.82826317;-65.20884372;Biotrinidad;Biotrinidad S.A.;Bioethanol;21600;Biogenic point source;Carbio;San Miguel de Tucum�n;Tucum�n
-26.81731107;-65.08538766;Compa��a Bioenerg�tica La Florida;Compa��a Bioenerg�tica La Florida S.A.;Bioethanol;93750;Biogenic point source;Carbio;La Florida;Tucum�n
-27.4571049;-65.60985513;Energ�as Ecol�gicas de Tucum�n;Energ�as Ecol�gicas de Tucum�n - Grupo Colombres;Bioethanol;24750;Biogenic point source;Carbio;Aguilares;Tucum�n
-27.0235712;-65.30157927;Fronterita Energ�a S.A.;Fronterita Energia S.A.;Bioethanol;24000;Biogenic point source;Carbio;Juan XXIII;Tucum�n
-24.31258742;-64.9683694;Ingenio R�o Grande;Rio Grande Energia S.A.;Bioethanol;16200;Biogenic point source;Carbio;La Mendieta;Jujuy
-32.41597156;-63.16162482;ACA;Aca Bio Cooperativa Ltda.;Bioethanol;93750;Biogenic point source;Carbio;Villa Mar�a;C�rdoba
-33.17998671;-64.38329425;Bio IV;Bioetanol Rio Cuarto A.A.;Bioethanol;75000;Biogenic point source;Carbio;R�o Cuarto;C�rdoba
-33.32563333;-66.36372385;Diaser;Derivados San Luis;Bioethanol;69300;Biogenic point source;Carbio;San Luis;San Luis
-31.37191425;-64.18185929;Ma�z Energ�a;MA�Z ENERG�A S.A.;Bioethanol;44100;Biogenic point source;Carbio;Ciudad de C�rdoba;C�rdoba
-33.36537538;-63.71712134;Proma�z;Promaiz S.A.;Bioethanol;165000;Biogenic point source;Carbio;Alejandro Roca;C�rdoba
-31.62099492;-60.71499331;Vicentin;Vicentin S.A.I.C.;Bioethanol;86250;Biogenic point source;Carbio;Avellaneda;Santa Fe
-23.2022408;-64.29616772;Seaboard Energ�a Renovables y Alimentos;Seaboard Energ�a Renovables y Alimentos;Bioethanol;185625;Biogenic point source;Carbio;Or�n;Salta
-26.84424771;-65.14264897;Bioenerg�tica Leales S.A.;Bioenerg�tica Leales S.A.;Bioethanol;31500;Biogenic point source;Carbio;Cevil Pozo;Tucum�n
-26.83469939;-65.15279485;Bio Atar S.A.;Bio Atar S.A.;Bioethanol;49500;Biogenic point source;Carbio;Alderetes;Tucum�n
-25.97573961;-54.63376934;Arauco Argentina S.A. ;Arauco Argentina S.A. ;Cellulose and paper;875000;Industrial point source;;Puerto Esperanza;Misiones
-32.73646168;-60.70218034;Celulosa Argentina S.A.;Celulosa Argentina S.A.;Cellulose and paper;416400;Industrial point source;;Capitan Bermudez;Santa Fe
-33.7216403;-59.62774924;Papel Prensa S.A.I.C.F.;Papel Prensa S.A.I.C.F.;Cellulose and paper;421762.5;Industrial point source;;San Pedro;Buenos Aires
-26.93561856;-55.11980442;Papel Misionero;Papel Misionero;Cellulose and paper;272137.5;Industrial point source;;Puerto Leoni;Misiones
-24.23195846;-65.23014529;Papelera del NOA S.A.;Papelera del NOA S.A.;Cellulose and paper;85425;Industrial point source;;R�o Blanco;Jujuy
-23.82765684;-64.79551334;F�brica de Papel Ledesma;F�brica de Papel Ledesma;Cellulose and paper;212250;Industrial point source;;Libertador General San Mart�n;Jujuy
;;Fana Qu�mica SA;Fana Qu�mica SA;Cellulose and paper;4000;Industrial point source;;San Jos�;Entre R�os
-37.03607735;-60.29810249;F�brica L'Amal�;Loma Negra;Cement;2442352.94;Industrial point source;https://www.lomanegra.com/nuestras-unidades/;Olavarr�a;Buenos Aires
-36.93725544;-60.16484634;F�brica Olavarr�a;Loma Negra;Cement;1144852.94;Industrial point source;https://www.lomanegra.com/nuestras-unidades/;Olavarr�a;Buenos Aires
-36.9383899;-60.16503118;F�brica Sierras Bayas;Loma Negra;Cement;;Industrial point source;https://www.lomanegra.com/nuestras-unidades/;Sierras Bayas;Buenos Aires
-37.68283558;-59.388828;F�brica Barker;Loma Negra;Cement;;Industrial point source;https://www.lomanegra.com/nuestras-unidades/;Benito Juarez;Buenos Aires
-33.38022978;-60.15325117;Planta Ramallo;Loma Negra;Cement;;Industrial point source;https://www.lomanegra.com/nuestras-unidades/;Ramallo;Buenos Aires
-28.46620076;-65.21491434;F�brica Catamarca;Loma Negra;Cement;1373823.53;Industrial point source;https://www.lomanegra.com/nuestras-unidades/;El Alto;Catamarca
-31.54717154;-68.67430483;F�brica San Juan;Loma Negra;Cement;;Industrial point source;https://www.lomanegra.com/nuestras-unidades/;Rivadavia;San Juan
-38.89661841;-70.03773085;F�brica Zapala;Loma Negra;Cement;305294.12;Industrial point source;https://www.lomanegra.com/nuestras-unidades/;Zapala;Neusaqu�n
-34.95797683;-58.64295248;F�brica LomaSer;Loma Negra;Cement;;Industrial point source;https://www.lomanegra.com/nuestras-unidades/;Vicente Casares;Buenos Aires
-32.7406102;-68.83721964;Planta Holcim Capdeville Mendoza;HOLCIM;Cement;534264.71;Industrial point source;;Las Heras;Mendoza
-31.47714495;-64.35835512;Planta Holcim Malague�o;HOLCIM;Cement;2366029.41;Industrial point source;;Malague�o;C�rdoba
-24.49038325;-64.9570812;Planta Holcim Puesto Viejo;HOLCIM;Cement;763235.29;Industrial point source;;Puesto Viejo;Jujuy
-34.14560719;-59.02034634;Planta Holcim Campana;HOLCIM;Cement;;Industrial point source;;Campana;Buenos Aires
-34.16978546;-59.00184583;Planta Campana;Cementos Avellaneda;Cement;;Industrial point source;;Campana;Buenos Aires
;;San Jacinto;Cementos Avellaneda;Cement;1831764.71;Industrial point source;;Olavarr�a;Buenos Aires
;;El Grande;Cementos Avellaneda;Cement;839558.82;Industrial point source;;La Calera;San Luis
-45.80214455;-67.4236816;F�brica Comodoro Rivadavia;PCR;Cement;;Industrial point source;;Comodoro Rivadavia;Chubut
-46.78713825;-67.92954422;F�brica Pico Truncado;PCR;Cement;457941.18;Industrial point source;;Pico Truncado;Santa Cruz
-33.32260493;-60.15945416;Planta sider�rgica Ternium Siderar;Ternium Argentina S.A.;Steel;5286272;Industrial point source;https://www.gem.wiki/Planta_sider%C3%BArgica_Ternium_Siderar;Ramallo/San Nicolas;Buenos Aires
-34.80606584;-57.92924997;;Ternium Argentina S.A.;Steel;;Industrial point source;;Ensenada;Buenos Aires
-34.58262707;-58.63146321;;Ternium Argentina S.A.;Steel;;Industrial point source;;Haedo;Buenos Aires
-34.79942658;-58.51610678;;Ternium Argentina S.A.;Steel;;Industrial point source;;Canning;Buenos Aires
-34.72722318;-58.18102379;;Ternium Argentina S.A.;Steel;;Industrial point source;;Florencio Varela;Buenos Aires
-32.88917097;-60.70918231;;Ternium Argentina S.A.;Steel;;Industrial point source;;Rosario;Santa Fe
-34.152554;-58.977388;Planta sider�rgica TenarisSiderca;Ternaris S.A. / Siderca S.A.I.C.;Steel;650000;Industrial point source;https://www.gem.wiki/Planta_sider%C3%BArgica_TenarisSiderca;Campana;Buenos Aires
-34.66288154;-58.40681255;;Ternaris S.A. / Siderca S.A.I.C.;Steel;;Industrial point source;;Valentin Alsina;Buenos Aires
-33.23981167;-60.31761739;;Ternaris S.A. / Siderca S.A.I.C.;Steel;;Industrial point source;;Villa Constituci�n;Santa Fe
-34.69235624;-58.54186997;;Ternaris S.A. / Siderca S.A.I.C.;Steel;;Industrial point source;;Villa Mercedes;San Luis
-33.256309;-60.292472;Planta sider�rgia ArcelorMittal Acindar;Acindar Industria Argentina de Aceros S.A.;Steel;1015000;Industrial point source;https://www.gem.wiki/Planta_sider%C3%BArgica_ArcelorMittal_Acindar;Villa Constituci�n;Santa Fe
-32.97077123;-60.72206377;;Acindar Industria Argentina de Aceros S.A.;Steel;;Industrial point source;;Rosario;Santa Fe
;;;Acindar Industria Argentina de Aceros S.A.;Steel;;Industrial point source;;La Tablada;Buenos Aires
-33.34700797;-60.25863236;;Acindar Industria Argentina de Aceros S.A.;Steel;;Industrial point source;;San Nicolas;Buenos Aires
-33.72087734;-65.46444205;;Acindar Industria Argentina de Aceros S.A.;Steel;;Industrial point source;;Villa Mercedes;San Luis
-35.13711789;-60.4520892;Planta Siderurgica ACERBRAG;Acerbrag S.A. (grupo brasile�o Votorantim);Steel;;Industrial point source;;Bragado;Buenos Aires
-24.2460988;-65.19816083;Aceros Zapla;Aceros Zapla S.A.;Steel;;Industrial point source;http://www.aceroszapla.com.ar/empresa.php;Palpal�;Jujuy
-32.9912336;-60.7588733;Planta sider�rgica Gerdau Sipar P�rez;Gerdau SA;Steel;103031;Industrial point source;https://www.gem.wiki/Planta_sider%C3%BArgica_Gerdau_Sipar_P%C3%A9rez;P�rez;Santa Fe
-42.7438848;-65.04839927;ALUAR SA - GENERADOR;Aluar;Thermal power plant;210445;Industrial point source;;Puerto Madryn;Chubut
;;ARCOR MARIO SEVESO ARROYITO;;Thermal power plant;93267;Industrial point source;;;C�rdoba
;;C. TERMICAS MENDOZA PLUS;;Thermal power plant;788702;Industrial point source;;;Mendoza
;;C. TERMICAS MENDOZA SA;;Thermal power plant;297745;Industrial point source;;;Mendoza
;;C.COSTA ATLANTICA;;Thermal power plant;509899;Industrial point source;;;Buenos Aires
;;C.T. AES PARANA;;Thermal power plant;1717893;Industrial point source;;;Buenos Aires
-38.93531878;-68.35746075;C.T. AGUA DEL CAJON;;Thermal power plant;1108638;Industrial point source;;Neuqu�n;Neuqu�n
-34.83766034;-58.40568505;C.T. ALMIRANTE BROWN;Excell Power S.R.L.;Thermal power plant;7094;Industrial point source;;Burazco;Buenos Aires
-38.51178974;-68.60637825;C.T. LOMA DE LA LATA S.A.;C.T. LOMA DE LA LATA S.A.;Thermal power plant;1779653;Industrial point source;;Neuqu�n;Neuqu�n
-45.81390612;-67.44427712;C.T. PATAGONICAS SA;CENTRALES TERMICAS PATAGONICAS S.A.;Thermal power plant;27712;Industrial point source;;Comodoro Rivadavia;Chubut
-24.74271171;-65.05151496;C.T. SALTA (TERMOANDES);AES;Thermal power plant;1004183;Industrial point source;;Cobos;Salta
-38.95161594;-68.02174487;C.TERMICA ALTO VALLE;;Thermal power plant;198282;Industrial point source;;Neuqu�n;Neuqu�n
;;C.TERMICA GUEMES S.A.;;Thermal power plant;139062;Industrial point source;;;Salta
-33.35809074;-60.17476179;C.TERMICA SAN NICOLAS;AES;Thermal power plant;2158549;Industrial point source;;San Nicol�s de Los Arroyos;Buenos Aires
;;C.TERMICA SORRENTO;;Thermal power plant;20821;Industrial point source;;;Santa Fe
;;CAPEX S.A. AUTOGENERADOR;;Thermal power plant;1075683;Industrial point source;;;Neuqu�n
-34.88987358;-57.93335436;CENTRAL DIQUE S.A.;CENTRAL DIQUE S.A.;Thermal power plant;478;Industrial point source;;Ensenada;Buenos Aires
-34.65327861;-58.34352059;CENTRAL DOCK SUD;Central Dock Sud;Thermal power plant;2101890;Industrial point source;;Dock Sud;Buenos Aires
-38.78482523;-62.25607271;CENTRAL PIEDRA BUENA S.A.;Pampa Energ�a;Thermal power plant;243763;Industrial point source;;Ingeniero White;Buenos Aires
-33.05433167;-68.98071723;CENTRAL PUERTO SA;Central Puerto S.A.;Thermal power plant;3481800;Industrial point source;;Luj�n de Cuyo;Mendoza
;;CENTRAL T�RMICA LOMITA AUTOG.;;Thermal power plant;59300;Industrial point source;;;Neuqu�n
-22.35004604;-63.76700533;CENTRAL TERMICA PIQUIRENDA;Pampa Energ�a;Thermal power plant;25963;Industrial point source;;Piquirenda;Salta
;;COOP. MNO. MORENO BS. AS.GENER;;Thermal power plant;668;Industrial point source;;;Buenos Aires
-38.04949391;-57.54553583;CT 9 de JULIO C Cost ATLANTICA;Centrales de la Costa Atl�ntica S.A.;Thermal power plant;221258;Industrial point source;;Mar del Plata;Buenos Aires
;;CT ACONCAGUA ENERG�A AUTOGENER;;Thermal power plant;17;Industrial point source;;;Mendoza
;;CT ALEM - AGGREKO;;Thermal power plant;35577;Industrial point source;;;Misiones
-33.3133564;-68.89151146;CT ANCHORIS - METHAX;EMESA;Thermal power plant;50825;Industrial point source;;Tupungato;Mendoza
-28.44584131;-62.85560319;CT A�ATUYA - SULLAIR;;Thermal power plant;11557;Industrial point source;;A�atuya;Santiago del Estero
-28.44584131;-62.85560319;CT A�ATUYA II - SULLAIR;;Thermal power plant;4840;Industrial point source;;A�atuya;Santiago del Estero
-27.09123769;-54.86344241;CT ARISTOBU.DEL VALLE-SOENERGY;;Thermal power plant;24495;Industrial point source;;Arist�bulo del Valle;Misiones
;;CT ARRECIFES-AGGREKO;;Thermal power plant;8081;Industrial point source;;;Buenos Aires
;;CT BANDERA SgoEstero - ENARSA;;Thermal power plant;4539;Industrial point source;;;Santiago del Estero
;;CT BARILOCHE;;Thermal power plant;1392;Industrial point source;;;R�o Negro
-37.54858826;-59.4506657;CT BARKER CIERRE CC;;Thermal power plant;636102;Industrial point source;;Benito Ju�rez;Buenos Aires
-34.85965751;-57.95577403;CT BARRAGAN - ENARSA;ENARSA;Thermal power plant;319657;Industrial point source;;Ensenada;Buenos Aires
;;CT BARRANQUERAS Chaco;;Thermal power plant;3373;Industrial point source;;;Chaco
-32.61039562;-62.68583225;CT BELL VILLE - SULLAIR;SULLAIR ARGENTINA S.A.;Thermal power plant;6459;Industrial point source;;Bell Ville;C�rdoba
;;CT BRACHO CIERRE CC- Y-GEN S.A;;Thermal power plant;1242878;Industrial point source;;;Tucum�n
;;CT BRAGADO - EMGASUD;;Thermal power plant;7559;Industrial point source;;;Buenos Aires
-35.13651396;-60.43241426;CT BRAGADO 2 - GENNEIA;Genneia;Thermal power plant;79138;Industrial point source;;Bragado;Buenos Aires
-35.13651396;-60.43241426;CT BRAGADO 3 - GENNEIA;Genneia;Thermal power plant;92453;Industrial point source;;Bragado;Buenos Aires
-31.71284154;-60.77930021;CT BRIGADIER LOPEZ;Central Puerto S.A.;Thermal power plant;64572;Industrial point source;;Santa Fe;Santa Fe
-23.73226891;-64.61399317;CT CAIMANCITO -SULLAIR;;Thermal power plant;62571;Industrial point source;;Libertador Gral San Mart�n;Jujuy
-32.78187222;-61.41843352;CT CA�ADA DE GOMEZ - SECCO;Secco;Thermal power plant;105744;Industrial point source;;Ca�ada de G�mez;Santa Fe
;;CT CAPITAN SARMIENTO - SECCO;Secco;Thermal power plant;10205;Industrial point source;;;Buenos Aires
;;CT CASTELLI - AGGREKO;;Thermal power plant;9440;Industrial point source;;;Chaco
;;CT CATAMARCA - SECCO;;Thermal power plant;10013;Industrial point source;;;Catamarca
;;CT CERES - SECCO;;Thermal power plant;3924;Industrial point source;;;Santa Fe
;;CT CHARATA - SULLAIR;;Thermal power plant;7334;Industrial point source;;;Chaco
-29.15733701;-67.50746666;CT CHILECITO - SECCO;Secco;Thermal power plant;4810;Industrial point source;;Chilecito;La Rioja
;;CT CIPOLLETI - AGGREKO;;Thermal power plant;501;Industrial point source;;;R�o Negro
-33.73201213;-61.09709894;CT COLON BS.AS - SULLAIR;;Thermal power plant;5222;Industrial point source;;Col�n;Buenos Aires
;;CT CORRIENTES - AGGREKO;;Thermal power plant;7204;Industrial point source;;;Corrientes
-34.90274362;-58.61692333;CT EZEIZA ETAPA1 G MEDITERRANE;;Thermal power plant;56618;Industrial point source;;Carlos Spegazzini;Buenos Aires
-34.90274362;-58.61692333;CT EZEIZA ETAPA2 G MEDITERRANE;;Thermal power plant;32456;Industrial point source;;Carlos Spegazzini;Buenos Aires
;;CT FORMOSA - APR ENERGY;;Thermal power plant;5006;Industrial point source;;;Formosa
-33.45541478;-60.28090222;CT GENERAL ROJO CIERRE CC;;Thermal power plant;619957;Industrial point source;;San Nicol�s de Los Arroyos;Buenos Aires
-29.15821641;-59.27345715;CT GOYA - SECCO;;Thermal power plant;4754;Industrial point source;;Goya;Corrientes
;;CT GRAL. VILLEGAS - AGGREKO;;Thermal power plant;14209;Industrial point source;;;Buenos Aires
-26.866966;-65.22182861;CT INDEPEND. ETAPA1 G MEDITERR;Grupo Albanesi;Thermal power plant;10088;Industrial point source;;San Miguel de Tucum�n;Tucum�n
-26.866966;-65.22182861;CT INDEPEND. ETAPA2 G MEDITERR;Grupo Albanesi;Thermal power plant;9463;Industrial point source;;San Miguel de Tucum�n;Tucum�n
-23.90901687;-61.83150245;CT ING JUAREZ - SECCO;;Thermal power plant;2692;Industrial point source;;Ingeniero Ju�rez;Formosa
;;CT INTA CATAMARCA - SECCO;;Thermal power plant;3559;Industrial point source;;;Catamarca
;;CT ISLA VERDE - AGGREKO;;Thermal power plant;7670;Industrial point source;;;C�rdoba
;;CT ITATI - TURBODISEL;;Thermal power plant;1498;Industrial point source;;;Corrientes
;;CT JUNIN;;Thermal power plant;14479;Industrial point source;;;Buenos Aires
;;CT LA PAZ Entre Rios - ENARSA;;Thermal power plant;2674;Industrial point source;;;Entre R�os
-34.9338664;-58.01640058;CT LA PLATA - SULLAIR;;Thermal power plant;14048;Industrial point source;;San Carlos;Buenos Aires
;;CT LA RIOJA - SECCO;;Thermal power plant;7688;Industrial point source;;;La Rioja
;;CT LA RIOJA SUR- SECCO;;Thermal power plant;3506;Industrial point source;;;La Rioja
-25.12695055;-58.25915073;CT LAGUNA BLANCA - SECCO;;Thermal power plant;4457;Industrial point source;;Laguna Blanca;Formosa
;;CT LAS ARMAS II - EMGASUD;;Thermal power plant;606;Industrial point source;;;#NV
;;CT LAS PALMAS 2 - ARAUCARIA;;Thermal power plant;100667;Industrial point source;;;Buenos Aires
;;CT LAS PALMAS -TURBODISEL;;Thermal power plant;543;Industrial point source;;;Chaco
;;CT LIBERTADOR GSM - SULLAIR;;Thermal power plant;3331;Industrial point source;;;Jujuy
-34.85716731;-61.52070383;CT LINCOLN;;Thermal power plant;5898;Industrial point source;;Lincoln;Buenos Aires
;;CT LOBOS BS.AS - SULLAIR;;Thermal power plant;23328;Industrial point source;;;Buenos Aires
;;CT LOMA CAMPANA 1 -YPF;;Thermal power plant;93992;Industrial point source;;;Neuqu�n
;;CT LOMA CAMPANA 2 -Y-GEN ELECT;;Thermal power plant;164946;Industrial point source;;;Neuqu�n
;;CT LOMA DE LA LATA II(NEUQEUN);;Thermal power plant;228867;Industrial point source;;;Neuqu�n
;;CT LUJAN II - ARAUCARIA ENERGY;;Thermal power plant;68363;Industrial point source;;;Buenos Aires
;;CT MAGDALENA - APR ENERGY;;Thermal power plant;4433;Industrial point source;;;Buenos Aires
;;CT MATHEU II - APR ENERGY;;Thermal power plant;1875;Industrial point source;;;Buenos Aires
;;CT MIRAMAR I - ENERGYST;;Thermal power plant;23587;Industrial point source;;;Buenos Aires
;;CT ORAN - SECCO;;Thermal power plant;3717;Industrial point source;;;Salta
;;CT PARQUE INDUSTR.CATAM-SECCO;;Thermal power plant;8843;Industrial point source;;;Catamarca
;;CT PASO LA PATRIA-TURBODISEL;;Thermal power plant;1189;Industrial point source;;;Corrientes
;;CT PEREZ - SECCO;;Thermal power plant;109776;Industrial point source;;;Santa Fe
;;CT PIEDRABUENA MG(L.LATA);;Thermal power plant;173945;Industrial point source;;;Buenos Aires
;;CT PILAR - EPEC;;Thermal power plant;1055603;Industrial point source;;;C�rdoba
;;CT PILAR BS AS- PAMPA ENERG�A;;Thermal power plant;187528;Industrial point source;;;Buenos Aires
;;CT PIRANE - SULLAIR;;Thermal power plant;10675;Industrial point source;;;Formosa
;;CT PRESIDENCIA ROCA;;Thermal power plant;1276;Industrial point source;;;Chaco
;;CT RAFAELA - SECCO;;Thermal power plant;7300;Industrial point source;;;Santa Fe
;;CT REALICO - SECCO;;Thermal power plant;6721;Industrial point source;;;La Pampa
;;CT RENOVA - ALBANESI ENERGIA;;Thermal power plant;457321;Industrial point source;;;Santa Fe
;;CT RIO TERCERO II - SoENERGY;;Thermal power plant;30138;Industrial point source;;;C�rdoba
;;CT ROCA SA;;Thermal power plant;502028;Industrial point source;;;R�o Negro
;;CT RUFINO Sta Fe - ENARSA;;Thermal power plant;8965;Industrial point source;;;Santa Fe
;;CT SAENZ PE�A - APR ENERGY;;Thermal power plant;3654;Industrial point source;;;Chaco
;;CT SAENZ PE�A II- AGGREKO;;Thermal power plant;4626;Industrial point source;;;Chaco
;;CT SALTO 2 - SoENERGY;;Thermal power plant;103648;Industrial point source;;;Buenos Aires
;;CT SAN MARTIN Chaco;;Thermal power plant;1320;Industrial point source;;;Chaco
;;CT SAN PEDRO - CIERRE CC;;Thermal power plant;33804;Industrial point source;;;Buenos Aires
;;CT SAN PEDRO - SPI ENERGY SA;;Thermal power plant;46087;Industrial point source;;;Buenos Aires
;;CT SAN SALVADOR E.Rios -ENARSA;;Thermal power plant;1815;Industrial point source;;;Entre R�os
;;CT SAN VICENTE BsAs - ENARSA;;Thermal power plant;4595;Industrial point source;;;Buenos Aires
;;CT SANTA ROSA -TURBODISEL;;Thermal power plant;1988;Industrial point source;;;Corrientes
;;CT TEREVINTOS - SECCO;;Thermal power plant;2652;Industrial point source;;;Catamarca
;;CT TINOGASTA - SULLAIR;;Thermal power plant;4169;Industrial point source;;;Catamarca
;;CT VENADO TUERTO - SECCO;;Thermal power plant;7617;Industrial point source;;;Santa Fe
;;CT VIALE - AGGREKO;;Thermal power plant;4529;Industrial point source;;;Entre R�os
;;CT VILLA ANGELA - AGGREKO;;Thermal power plant;4977;Industrial point source;;;Chaco
;;CT VILLA GESELL-CATLANT.;;Thermal power plant;333196;Industrial point source;;;Buenos Aires
;;CT VILLA MARIA CIERRE CC-UENSA;;Thermal power plant;630749;Industrial point source;;;C�rdoba
;;CT VILLA OCAMPO - SECCO;;Thermal power plant;32945;Industrial point source;;;Santa Fe
;;CT VUELTA DE OBLIGADO;;Thermal power plant;1829953;Industrial point source;;;Santa Fe
;;CT ZAPPALORTO - APR ENERGY;;Thermal power plant;15249;Industrial point source;;;Buenos Aires
;;EDECAT GENERACION;;Thermal power plant;397;Industrial point source;;;Catamarca
;;EDELAR GENERACION;;Thermal power plant;18733;Industrial point source;;;La Rioja
;;EDEN GENERACION;;Thermal power plant;1627;Industrial point source;;;Buenos Aires
;;ELECTROPATAGONIA-C.RIV-C.COMB.;;Thermal power plant;15137;Industrial point source;;;Chubut
;;EMP.DIS.S.ESTERO GENERACION;;Thermal power plant;4901;Industrial point source;;;Santiago del Estero
;;EMSA GENERACION;;Thermal power plant;10472;Industrial point source;;;Misiones
;;ENDESA COSTANERA SA;;Thermal power plant;2518331;Industrial point source;;;Buenos Aires
;;ENERGIA DEL SUR S.A.;;Thermal power plant;226761;Industrial point source;;;Chubut
;;EPEC GENERACION;;Thermal power plant;15814;Industrial point source;;;C�rdoba
;;GEN.MEDITERRANEA (CONT.PLUS);;Thermal power plant;36744;Industrial point source;;;C�rdoba
;;GEN.MEDITERRANEA GRUPO 5;;Thermal power plant;27675;Industrial point source;;;C�rdoba
;;GENELBA - PETROBRAS;;Thermal power plant;1898589;Industrial point source;;;Buenos Aires
;;GENELBA - RES.287;;Thermal power plant;1396334;Industrial point source;;;Buenos Aires
;;GENERACION FRIAS S.A.;;Thermal power plant;15755;Industrial point source;;;Santiago del Estero
;;GENERACION INDEPENDENCIA S.A.;;Thermal power plant;28961;Industrial point source;;;Tucum�n
;;GENERACION LA BANDA S.A.;;Thermal power plant;2514;Industrial point source;;;Santiago del Estero
;;GENERACION MEDITERRANEA;;Thermal power plant;6470;Industrial point source;;;C�rdoba
;;GENERACION MEDITERRANEA 220;;Thermal power plant;31381;Industrial point source;;;C�rdoba
;;GENERACION RIOJANA SA;;Thermal power plant;13132;Industrial point source;;;La Rioja
;;GENERADORA CORDOBA S.A.;;Thermal power plant;1537;Industrial point source;;;C�rdoba
;;GENERADORA ELEC.TUCUMAN SA;;Thermal power plant;9198;Industrial point source;;;Tucum�n
;;HIDROTERMICA SAN JUAN;;Thermal power plant;6068;Industrial point source;;;San Juan
;;LA PLATA COGENERACION SA;;Thermal power plant;339665;Industrial point source;;;Buenos Aires
;;LEDESMA SAAI;;Thermal power plant;7544;Industrial point source;;;Jujuy
;;LUJAN DE CUYO COGENERAC.PUERTO;;Thermal power plant;265976;Industrial point source;;;Mendoza
;;MOLINOS AGRO AG.(Ex.Mol Rio P);;Thermal power plant;222;Industrial point source;;;Santa Fe
;;MOTOGENERADORES COSTANERA;;Thermal power plant;47985;Industrial point source;;;Buenos Aires
;;NIDERA SAFORCADA-Junin;;Thermal power plant;20;Industrial point source;;;Buenos Aires
;;PAMPA ENERGIA SA;;Thermal power plant;78724;Industrial point source;;;Salta
;;REFINERIA LA PLATA AUTOG;;Thermal power plant;10998;Industrial point source;;;Buenos Aires
;;SHELL CAPSA PTA. DOCK SUD;;Thermal power plant;25501;Industrial point source;;;Buenos Aires
;;SIDERAR PTA. IND. SAN NICOLAS;;Thermal power plant;31;Industrial point source;;;Buenos Aires
;;SINOPEC Arg. - El Huemul;;Thermal power plant;29407;Industrial point source;;;Santa Cruz
;;SINOPEC Arg. - Meseta Espinosa;;Thermal power plant;13683;Industrial point source;;;Santa Cruz
;;SOLALBAN ENERGIA SA;;Thermal power plant;42405;Industrial point source;;;Buenos Aires
;;TERMINAL 6 COGENERACION PUERTO;;Thermal power plant;209988;Industrial point source;;;Santa Fe
;;TERMOELE. JOSE SAN MARTIN S.A;;Thermal power plant;2045982;Industrial point source;;;Santa Fe
;;TERMOELECTRICA GUILLERMO BROWN;;Thermal power plant;1021465;Industrial point source;;;Buenos Aires
;;TERMOELECTRICA M.BELGRANO S.A.;;Thermal power plant;2150020;Industrial point source;;;Buenos Aires
;;YAC.ENTRE LOMAS AUTOGENERADOR;;Thermal power plant;27680;Industrial point source;;;R�o Negro
;;YPF Autogenerador Pza. Huincul;;Thermal power plant;161867;Industrial point source;;;Neuqu�n
;;YPF CT MANANTIALES BEHR II AG;;Thermal power plant;8767;Industrial point source;;;Chubut
;;YPF EL TREBOL CT MANANT. BEHR;;Thermal power plant;6;Industrial point source;;;Chubut
;;YPF ENERG�A ELECTR.ex PLUSPETG;;Thermal power plant;1400041;Industrial point source;;;Tucum�n
;;YPF LA PLATA COGENERACION;;Thermal power plant;228277;Industrial point source;;;Buenos Aires
;;YPF LOS PERALES AUTOG;;Thermal power plant;68352;Industrial point source;;;Santa Cruz
;;YPF YAC P.HERNANDEZ AUTOG;;Thermal power plant;26;Industrial point source;;;Neuqu�n
;;BIOGAS CT AVELLANEDA SECCO;;Biogas Power Plant;41391;Biogenic point source;;;SANTA FE
;;CENTRAL BIOELECTRICA R.CUARTO1;;Biogas Power Plant;13140;Biogenic point source;;;CORDOBA
;;C.BIOELECT.R.CUARTO1 REN2;;Biogas Power Plant;10249.2;Biogenic point source;;;CORDOBA
;;C.BIOELECT.R.CUARTO2 REN1;;Biogas Power Plant;7884;Biogenic point source;;;CORDOBA
;;C.BIOELECT.R.CUARTO2 REN2;;Biogas Power Plant;7884;Biogenic point source;;;CORDOBA
;;BIOGAS CTBG CITRUSVIL-ALCOVIL;;Biogas Power Plant;19710;Biogenic point source;;;TUCUMAN
;;BIOGAS RS CT ENSENADA SECCO;;Biogas Power Plant;34821;Biogenic point source;;;BUENOS AIRES
;;CTBG GENERAL ALVEAR;;Biogas Power Plant;6570;Biogenic point source;;;BUENOS AIRES
;;BIOGAS CTBG GIGENA I;;Biogas Power Plant;7884;Biogenic point source;;;CORDOBA
;;BIOGAS CTBG JUSTO DARACT;;Biogas Power Plant;6570;Biogenic point source;;;SAN LUIS
;;BIOGAS CTBG PACUCA BIO ENERG�A;;Biogas Power Plant;6570;Biogenic point source;;;BUENOS AIRES
;;BIOGAS CTBG PERGAMINO;;Biogas Power Plant;15768;Biogenic point source;;;BUENOS AIRES
;;C.T.SAN MARTIN NORTE 3A;;Biogas Power Plant;33507;Biogenic point source;;;BUENOS AIRES
;;CT SAN MIGUEL NORTE III-ENARSA;;Biogas Power Plant;75555;Biogenic point source;;;BUENOS AIRES
;;ENERGIA AGRO S.A.U;;Biogas Power Plant;9296.55;Biogenic point source;;;SANTA FE
;;BIOGAS CTBG TIGONBU;;Biogas Power Plant;13140;Biogenic point source;;;SAN LUIS
;;BIOGAS CTBG VILLA DEL ROS. CGY;;Biogas Power Plant;6570;Biogenic point source;;;CORDOBA
;;BIOGAS CTBG VENADO TUERTO;;Biogas Power Plant;13797;Biogenic point source;;;SANTA FE
;;BIO ENERG�A YANQUETRUZ S.A.;;Biogas Power Plant;9855;Biogenic point source;;;SAN LUIS
;;BIOGAS CTBG ENRECO;;Biogas Power Plant;13140;Biogenic point source;;;CORDOBA
;;CTBG BIO ENERG�A YANQUETRUZ II;;Biogas Power Plant;5256;Biogenic point source;;;SAN LUIS
;;CTBG BIO. SANTA CATALINA;;Biogas Power Plant;13140;Biogenic point source;;;CORDOBA
;;BIOGAS CTBG AB ENERG�A;;Biogas Power Plant;13140;Biogenic point source;;;LA PAMPA
;;CT BIOMASA MM BIOENERG�A;;Biogas Power Plant;19710;Biogenic point source;;;MISIONES
;;CTBRS SAN MART�N NORTE III-D;;Biogas Power Plant;33507;Biogenic point source;;;BUENOS AIRES
;;BIOGAS CTBG ARRE BEEF SA;;Biogas Power Plant;9855;Biogenic point source;;;BUENOS AIRES
;;BIOGAS CT RESENER SA;;Biogas Power Plant;5256;Biogenic point source;;;BUENOS AIRES
;;CTBG POLLOS SAN MATEO;;Biogas Power Plant;15768;Biogenic point source;;;CORDOBA
;;CTBG GENERAL VILLEGAS Ren 2;;Biogas Power Plant;8015.4;Biogenic point source;;;BUENOS AIRES
;;YPF Plaza Huincul;YPF SA;Methanol;275370;Industrial point source;;;Neuqu�n
;;Arauco General San Martin;Arauco Argentina S.A. ;Methanol;33500;Industrial point source;;;Santa Fe
;;La Plata Refinery;YPF SA;Refinery;2224965.52;Industrial point source;;;
;;Lujan de Cuyo Refinery;YPF SA;Refinery;1229586.21;Industrial point source;;;
;;Plaza Huincul Refinery;YPF SA;Refinery;292758.62;Industrial point source;;;
;;Raizen Dock Sud;Raizen;Refinery;1171034.48;Industrial point source;;;
;;Axion Campana Refinery;PAE;Refinery;1171034.48;Industrial point source;;;
;;DAPSA;;;0;Industrial point source;;;
;;Dock Sud Refinery;;Refinery;0;Industrial point source;;;
;;REFINOR Campo Duran Refinery;;Refinery;351310.34;Industrial point source;;;
;;TRAFIGURA Bahia Blanca Refinery;;Refinery;351310.34;Industrial point source;;;
;;OIL Combustibles San Lorenzo Refinery;;Refinery;0;Industrial point source;;;
;;PAMPA ENERGIA SA;;Etileno;25916;Industrial point source;;Pto General San Mart�n;Santa Fe
;;PBB Polisur S.A.;;Etileno;229900;Industrial point source;;Bahia Blanca;Buenos Aires
;;PBB Polisur S.A.;;Etileno;355300;Industrial point source;;Bahia Blanca;Buenos Aires
